DateTime,Level,Location,Message,Details
01/06/2022 05:07:27,INFO,SpotifyTools.Program,SpotifyTool Version,1.0.0.1
01/06/2022 05:07:28,INFO,SpotifyToolsLib.Spotify.SpotifyAdapter,Playlists found,20
01/06/2022 05:07:28,INFO,SpotifyToolsLib.Spotify.SpotifyAdapter,Creating playlist,TestPlaylist
01/06/2022 05:07:28,INFO,SpotifyToolsLib.Spotify.SpotifyAdapter,Playlists created,TestPlaylist [ID: 6bNfEkGL5gTourWQwq1rzL]
01/06/2022 05:07:28,DEBUG,SpotifyToolsLib.Spotify.SpotifyAdapter,Song added,"Bread - Aubrey"
01/06/2022 05:07:29,DEBUG,SpotifyToolsLib.Spotify.SpotifyAdapter,Song added,"The Dead Daisies - Resurrected"
01/06/2022 05:07:29,DEBUG,SpotifyToolsLib.Spotify.SpotifyAdapter,Song added,"Earth, Wind & Fire - Boogie Wonderland"
01/06/2022 05:07:29,DEBUG,SpotifyToolsLib.Spotify.SpotifyAdapter,Song added,"Elton John - Blue Eyes"
01/06/2022 05:07:29,DEBUG,SpotifyToolsLib.Spotify.SpotifyAdapter,Song added,"Genesis - Abacab"
01/06/2022 05:07:29,DEBUG,SpotifyToolsLib.Spotify.SpotifyAdapter,Song added,"Joe Bonamassa - Blue And Evil"
01/06/2022 05:07:29,INFO,SpotifyToolsLib.Spotify.SpotifyAdapter,Song not found,"Kylie Minogue - Can't Get You Out Of My Head"
01/06/2022 05:07:30,DEBUG,SpotifyToolsLib.Spotify.SpotifyAdapter,Song added,"Lenny Kravitz - Are You Gonna Go My Way"
01/06/2022 05:07:30,DEBUG,SpotifyToolsLib.Spotify.SpotifyAdapter,Song added,"Mason Williams - Classical Gas"
01/06/2022 05:07:30,DEBUG,SpotifyToolsLib.Spotify.SpotifyAdapter,Song added,"Patrick Hernandez - Born To Be Alive"
01/06/2022 05:07:30,DEBUG,SpotifyToolsLib.Spotify.SpotifyAdapter,Song added,"Paul Simon - American Tune"
01/06/2022 05:07:31,DEBUG,SpotifyToolsLib.Spotify.SpotifyAdapter,Song added,"Red Rider - Lunatic Fringe"
01/06/2022 05:07:31,DEBUG,SpotifyToolsLib.Spotify.SpotifyAdapter,Song added,"Supertramp - Breakfast In America"
01/06/2022 05:07:31,DEBUG,SpotifyToolsLib.Spotify.SpotifyAdapter,Song added,"Toto - Africa"
01/06/2022 05:07:31,DEBUG,SpotifyToolsLib.Spotify.SpotifyAdapter,Song added,"Aaron Copland - Fanfare For The Common Man"
01/06/2022 05:07:32,DEBUG,SpotifyToolsLib.Spotify.SpotifyAdapter,Song added,"Ace Of Base - Beautiful Life"
01/06/2022 05:07:32,DEBUG,SpotifyToolsLib.Spotify.SpotifyAdapter,Song added,"Adele - Rolling In The Deep"
01/06/2022 05:07:32,DEBUG,SpotifyToolsLib.Spotify.SpotifyAdapter,Song added,"Aerosmith - I Don't Want To Miss A Thing"
01/06/2022 05:07:32,DEBUG,SpotifyToolsLib.Spotify.SpotifyAdapter,Song added,"Al Green - Let's Stay Together"
01/06/2022 05:07:33,DEBUG,SpotifyToolsLib.Spotify.SpotifyAdapter,Song added,"Al Stewart - Year Of The Cat"
01/06/2022 05:07:33,INFO,SpotifyToolsLib.Spotify.SpotifyAdapter,Song not found,"Alan Parsons Project - Prime Time (Eric Woolfson)"
01/06/2022 05:07:33,INFO,SpotifyToolsLib.Spotify.SpotifyAdapter,Song not found,"Alan Parsons Project - Don't Answer Me (Eric Woolfson)"
01/06/2022 05:07:34,DEBUG,SpotifyToolsLib.Spotify.SpotifyAdapter,Song added,"Alan Parsons Project - Sirius"
01/06/2022 05:07:34,INFO,SpotifyToolsLib.Spotify.SpotifyAdapter,Song not found,"Alan Parsons Project - Eye In The Sky (Eric Woolfson)"
01/06/2022 05:07:34,INFO,SpotifyToolsLib.Spotify.SpotifyAdapter,Song not found,"Alan Parsons Project - Silence And I (Eric Woolfson)"
01/06/2022 05:07:34,DEBUG,SpotifyToolsLib.Spotify.SpotifyAdapter,Song added,"Alan Parsons Project - Mammagamma"
01/06/2022 05:07:34,INFO,SpotifyToolsLib.Spotify.SpotifyAdapter,Song not found,"Alan Parsons Project - Old And Wise (Colin Blunstone)"
01/06/2022 05:07:34,INFO,SpotifyToolsLib.Spotify.SpotifyAdapter,Song not found,"Alan Parsons Project - La Sagrada Familia (John Miles)"
01/06/2022 05:07:34,INFO,SpotifyToolsLib.Spotify.SpotifyAdapter,Song not found,"Alan Parsons Project - Standing On Higher Ground (Geoff Barradale)"
01/06/2022 05:07:34,INFO,SpotifyToolsLib.Spotify.SpotifyAdapter,Song not found,"Alan Parsons Project - Time (Eric Woolfson)"
01/06/2022 05:07:35,INFO,SpotifyToolsLib.Spotify.SpotifyAdapter,Song not found,"Alan Parsons Project - Sooner Or Later (Eric Woolfson)"
01/06/2022 05:07:35,DEBUG,SpotifyToolsLib.Spotify.SpotifyAdapter,Song added,"Alannah Myles - Black Velvet"
01/06/2022 05:07:35,INFO,SpotifyToolsLib.Spotify.SpotifyAdapter,Song not found,"The Alarm - Black Sun"
01/06/2022 05:07:36,DEBUG,SpotifyToolsLib.Spotify.SpotifyAdapter,Song added,"The Alarm - Sixty Eight Guns"
01/06/2022 05:07:36,DEBUG,SpotifyToolsLib.Spotify.SpotifyAdapter,Song added,"The Alarm - The Deceiver"
01/06/2022 05:07:36,DEBUG,SpotifyToolsLib.Spotify.SpotifyAdapter,Song added,"The Alarm - Strength"
01/06/2022 05:07:36,INFO,SpotifyToolsLib.Spotify.SpotifyAdapter,Song not found,"The Allman Brothers Band - Ramblin' Man"
01/06/2022 05:07:36,INFO,SpotifyToolsLib.Spotify.SpotifyAdapter,Song not found,"The Allman Brothers Band - Jessica"
01/06/2022 05:07:37,DEBUG,SpotifyToolsLib.Spotify.SpotifyAdapter,Song added,"Alphaville - Forever Young"
01/06/2022 05:07:37,DEBUG,SpotifyToolsLib.Spotify.SpotifyAdapter,Song added,"America - You Can Do Magic"
01/06/2022 05:07:37,DEBUG,SpotifyToolsLib.Spotify.SpotifyAdapter,Song added,"America - Survival"
01/06/2022 05:07:37,DEBUG,SpotifyToolsLib.Spotify.SpotifyAdapter,Song added,"America - Sister Golden Hair"
01/06/2022 05:07:38,DEBUG,SpotifyToolsLib.Spotify.SpotifyAdapter,Song added,"American Breed - Bend Me, Shape Me"
01/06/2022 05:07:38,INFO,SpotifyToolsLib.Spotify.SpotifyAdapter,Song not found,"Andrea Bocelli - Nessun Dorma (Live) [Puccini]"
01/06/2022 05:07:38,DEBUG,SpotifyToolsLib.Spotify.SpotifyAdapter,Song added,"The Animals - House Of The Rising Sun"
01/06/2022 05:07:38,INFO,SpotifyTools.Program,Donzo. This was fun.
DateTime,Level,Location,Message,Details
01/06/2022 05:11:59,INFO,SpotifyTools.Program,SpotifyTool Version,1.0.0.1
DateTime,Level,Location,Message,Details
01/06/2022 05:12:57,INFO,SpotifyTools.Program,SpotifyTool Version,1.0.0.1
01/06/2022 05:12:58,INFO,SpotifyToolsLib.Spotify.SpotifyAdapter,Playlists found,20
01/06/2022 05:12:59,INFO,SpotifyToolsLib.Spotify.SpotifyAdapter,Creating playlist,!Tonight
01/06/2022 05:12:59,INFO,SpotifyToolsLib.Spotify.SpotifyAdapter,Playlists created,!Tonight [ID: 23cE6rafDzM3JIo3uBnFLc]
01/06/2022 05:12:59,DEBUG,SpotifyToolsLib.Spotify.SpotifyAdapter,[1/726] Song added,"Ace Of Base - Beautiful Life"
01/06/2022 05:13:00,DEBUG,SpotifyToolsLib.Spotify.SpotifyAdapter,[2/726] Song added,"Adele - Rolling In The Deep"
01/06/2022 05:13:00,DEBUG,SpotifyToolsLib.Spotify.SpotifyAdapter,[3/726] Song added,"Aerosmith - I Don't Want To Miss A Thing"
01/06/2022 05:13:00,DEBUG,SpotifyToolsLib.Spotify.SpotifyAdapter,[4/726] Song added,"Al Green - Let's Stay Together"
01/06/2022 05:13:00,DEBUG,SpotifyToolsLib.Spotify.SpotifyAdapter,[5/726] Song added,"Al Stewart - Year Of The Cat"
01/06/2022 05:13:00,INFO,SpotifyToolsLib.Spotify.SpotifyAdapter,[6/726] Song not found,"Alan Parsons Project - Prime Time (Eric Woolfson)"
01/06/2022 05:13:00,INFO,SpotifyToolsLib.Spotify.SpotifyAdapter,[7/726] Song not found,"Alan Parsons Project - Don't Answer Me (Eric Woolfson)"
01/06/2022 05:13:01,DEBUG,SpotifyToolsLib.Spotify.SpotifyAdapter,[8/726] Song added,"Alan Parsons Project - Sirius"
01/06/2022 05:13:01,INFO,SpotifyToolsLib.Spotify.SpotifyAdapter,[9/726] Song not found,"Alan Parsons Project - Eye In The Sky (Eric Woolfson)"
01/06/2022 05:13:01,INFO,SpotifyToolsLib.Spotify.SpotifyAdapter,[10/726] Song not found,"Alan Parsons Project - Silence And I (Eric Woolfson)"
01/06/2022 05:13:01,DEBUG,SpotifyToolsLib.Spotify.SpotifyAdapter,[11/726] Song added,"Alan Parsons Project - Mammagamma"
01/06/2022 05:13:01,INFO,SpotifyToolsLib.Spotify.SpotifyAdapter,[12/726] Song not found,"Alan Parsons Project - Old And Wise (Colin Blunstone)"
01/06/2022 05:13:01,INFO,SpotifyToolsLib.Spotify.SpotifyAdapter,[13/726] Song not found,"Alan Parsons Project - La Sagrada Familia (John Miles)"
01/06/2022 05:13:01,INFO,SpotifyToolsLib.Spotify.SpotifyAdapter,[14/726] Song not found,"Alan Parsons Project - Standing On Higher Ground (Geoff Barradale)"
01/06/2022 05:13:01,INFO,SpotifyToolsLib.Spotify.SpotifyAdapter,[15/726] Song not found,"Alan Parsons Project - Time (Eric Woolfson)"
01/06/2022 05:13:02,INFO,SpotifyToolsLib.Spotify.SpotifyAdapter,[16/726] Song not found,"Alan Parsons Project - Sooner Or Later (Eric Woolfson)"
01/06/2022 05:13:02,DEBUG,SpotifyToolsLib.Spotify.SpotifyAdapter,[17/726] Song added,"Alannah Myles - Black Velvet"
01/06/2022 05:13:02,INFO,SpotifyToolsLib.Spotify.SpotifyAdapter,[18/726] Song not found,"The Alarm - Black Sun"
01/06/2022 05:13:02,DEBUG,SpotifyToolsLib.Spotify.SpotifyAdapter,[19/726] Song added,"The Alarm - Sixty Eight Guns"
01/06/2022 05:13:02,DEBUG,SpotifyToolsLib.Spotify.SpotifyAdapter,[20/726] Song added,"The Alarm - The Deceiver"
01/06/2022 05:13:02,DEBUG,SpotifyToolsLib.Spotify.SpotifyAdapter,[21/726] Song added,"The Alarm - Strength"
01/06/2022 05:13:03,INFO,SpotifyToolsLib.Spotify.SpotifyAdapter,[22/726] Song not found,"The Allman Brothers Band - Ramblin' Man"
01/06/2022 05:13:03,INFO,SpotifyToolsLib.Spotify.SpotifyAdapter,[23/726] Song not found,"The Allman Brothers Band - Jessica"
01/06/2022 05:13:03,DEBUG,SpotifyToolsLib.Spotify.SpotifyAdapter,[24/726] Song added,"Alphaville - Forever Young"
01/06/2022 05:13:03,DEBUG,SpotifyToolsLib.Spotify.SpotifyAdapter,[25/726] Song added,"America - You Can Do Magic"
01/06/2022 05:13:04,DEBUG,SpotifyToolsLib.Spotify.SpotifyAdapter,[26/726] Song added,"America - Survival"
01/06/2022 05:13:04,DEBUG,SpotifyToolsLib.Spotify.SpotifyAdapter,[27/726] Song added,"America - Sister Golden Hair"
01/06/2022 05:13:04,DEBUG,SpotifyToolsLib.Spotify.SpotifyAdapter,[28/726] Song added,"American Breed - Bend Me, Shape Me"
01/06/2022 05:13:04,INFO,SpotifyToolsLib.Spotify.SpotifyAdapter,[29/726] Song not found,"Andrea Bocelli - Nessun Dorma (Live) [Puccini]"
01/06/2022 05:13:04,DEBUG,SpotifyToolsLib.Spotify.SpotifyAdapter,[30/726] Song added,"The Animals - House Of The Rising Sun"
01/06/2022 05:13:05,INFO,SpotifyToolsLib.Spotify.SpotifyAdapter,[31/726] Song not found,"The Animals - I'm Crying"
01/06/2022 05:13:05,INFO,SpotifyToolsLib.Spotify.SpotifyAdapter,[32/726] Song not found,"The Animals - Don't Let Me Be Misunderstood"
01/06/2022 05:13:05,INFO,SpotifyToolsLib.Spotify.SpotifyAdapter,[33/726] Song not found,"The Animals - Monterey"
01/06/2022 05:13:05,DEBUG,SpotifyToolsLib.Spotify.SpotifyAdapter,[34/726] Song added,"Anything Box - All These Days Undone"
01/06/2022 05:13:05,DEBUG,SpotifyToolsLib.Spotify.SpotifyAdapter,[35/726] Song added,"April Wine - Sign Of The Gypsy Queen"
01/06/2022 05:13:05,INFO,SpotifyToolsLib.Spotify.SpotifyAdapter,[36/726] Song not found,"Aretha Franklin - (You Make Me Feel) Like A Natural Woman"
01/06/2022 05:13:06,DEBUG,SpotifyToolsLib.Spotify.SpotifyAdapter,[37/726] Song added,"Aretha Franklin - I Say A Little Prayer"
01/06/2022 05:13:06,INFO,SpotifyToolsLib.Spotify.SpotifyAdapter,[38/726] Song not found,"Arlo Guthrie - Coming Into Los Angeles (Live)"
01/06/2022 05:13:06,INFO,SpotifyToolsLib.Spotify.SpotifyAdapter,[39/726] Song not found,"Armand Van Helden - Barbra Streisand (ft. Duck Sauce)"
01/06/2022 05:13:06,DEBUG,SpotifyToolsLib.Spotify.SpotifyAdapter,[40/726] Song added,"Art Garfunkel - A Heart In New York"
01/06/2022 05:13:07,INFO,SpotifyToolsLib.Spotify.SpotifyAdapter,[41/726] Song not found,"Asia - Who Will Stop The Rain ?"
01/06/2022 05:13:07,DEBUG,SpotifyToolsLib.Spotify.SpotifyAdapter,[42/726] Song added,"Asia - Heat Of The Moment"
01/06/2022 05:13:07,DEBUG,SpotifyToolsLib.Spotify.SpotifyAdapter,[43/726] Song added,"Asia - Only Time Will Tell"
01/06/2022 05:13:07,DEBUG,SpotifyToolsLib.Spotify.SpotifyAdapter,[44/726] Song added,"Asia - Here Comes The Feeling"
01/06/2022 05:13:07,INFO,SpotifyToolsLib.Spotify.SpotifyAdapter,[45/726] Song not found,"Avicii - Peace Of Mind"
01/06/2022 05:13:08,DEBUG,SpotifyToolsLib.Spotify.SpotifyAdapter,[46/726] Song added,"Avicii - Heart Upon My Sleeve (with Imagine Dragons)"
01/06/2022 05:13:08,INFO,SpotifyToolsLib.Spotify.SpotifyAdapter,[47/726] Song not found,"Avicii - Levels"
01/06/2022 05:13:08,DEBUG,SpotifyToolsLib.Spotify.SpotifyAdapter,[48/726] Song added,"The B-52's - Rock Lobster"
01/06/2022 05:13:08,DEBUG,SpotifyToolsLib.Spotify.SpotifyAdapter,[49/726] Song added,"The B-52's - Love Shack"
01/06/2022 05:13:08,DEBUG,SpotifyToolsLib.Spotify.SpotifyAdapter,[50/726] Song added,"Bad English - Heaven Is A 4 Letter Word"
01/06/2022 05:13:09,DEBUG,SpotifyToolsLib.Spotify.SpotifyAdapter,[51/726] Song added,"Bad English - Forget Me Not"
01/06/2022 05:13:09,DEBUG,SpotifyToolsLib.Spotify.SpotifyAdapter,[52/726] Song added,"The Band - The Weight"
01/06/2022 05:13:09,DEBUG,SpotifyToolsLib.Spotify.SpotifyAdapter,[53/726] Song added,"The Band - It Makes No Difference"
01/06/2022 05:13:09,INFO,SpotifyToolsLib.Spotify.SpotifyAdapter,[54/726] Song not found,"Band Aid - Do They Know It's Christmas"
01/06/2022 05:13:10,DEBUG,SpotifyToolsLib.Spotify.SpotifyAdapter,[55/726] Song added,"The Bangles - Eternal Flame"
01/06/2022 05:13:10,DEBUG,SpotifyToolsLib.Spotify.SpotifyAdapter,[56/726] Song added,"The Bangles - Be With You"
01/06/2022 05:13:10,INFO,SpotifyToolsLib.Spotify.SpotifyAdapter,[57/726] Song not found,"The Bangles - A Hazy Shade Of Winter [Simon & Garfunkel]"
01/06/2022 05:13:10,INFO,SpotifyToolsLib.Spotify.SpotifyAdapter,[58/726] Song not found,"Barbara Streisand - The Way We Were"
01/06/2022 05:13:10,INFO,SpotifyToolsLib.Spotify.SpotifyAdapter,[59/726] Song not found,"Barbara Streisand - Woman In Love"
01/06/2022 05:13:11,DEBUG,SpotifyToolsLib.Spotify.SpotifyAdapter,[60/726] Song added,"Barry Manilow - Could It Be Magic"
01/06/2022 05:13:11,DEBUG,SpotifyToolsLib.Spotify.SpotifyAdapter,[61/726] Song added,"The Beach Boys - Good Vibrations"
01/06/2022 05:13:11,DEBUG,SpotifyToolsLib.Spotify.SpotifyAdapter,[62/726] Song added,"The Beach Boys - California Girls"
01/06/2022 05:13:11,DEBUG,SpotifyToolsLib.Spotify.SpotifyAdapter,[63/726] Song added,"The Beach Boys - I Get Around"
01/06/2022 05:13:12,DEBUG,SpotifyToolsLib.Spotify.SpotifyAdapter,[64/726] Song added,"The Beach Boys - Fun, Fun, Fun"
01/06/2022 05:13:12,DEBUG,SpotifyToolsLib.Spotify.SpotifyAdapter,[65/726] Song added,"The Beach Boys - In My Room"
01/06/2022 05:13:12,INFO,SpotifyToolsLib.Spotify.SpotifyAdapter,[66/726] Song not found,"The Beach Boys - Barbara Ann (Single Version)"
01/06/2022 05:13:12,DEBUG,SpotifyToolsLib.Spotify.SpotifyAdapter,[67/726] Song added,"The Beach Boys - Kokomo"
01/06/2022 05:13:12,INFO,SpotifyToolsLib.Spotify.SpotifyAdapter,[68/726] Song not found,"The Beach Boys - Darlin'"
01/06/2022 05:13:13,DEBUG,SpotifyToolsLib.Spotify.SpotifyAdapter,[69/726] Song added,"The Beach Boys - 409"
01/06/2022 05:13:13,INFO,SpotifyToolsLib.Spotify.SpotifyAdapter,[70/726] Song not found,"The Beatles - If I Fell"
01/06/2022 05:13:13,INFO,SpotifyToolsLib.Spotify.SpotifyAdapter,[71/726] Song not found,"The Beatles - I'll Be Back"
01/06/2022 05:13:13,INFO,SpotifyToolsLib.Spotify.SpotifyAdapter,[72/726] Song not found,"The Beatles - The Night Before"
01/06/2022 05:13:14,DEBUG,SpotifyToolsLib.Spotify.SpotifyAdapter,[73/726] Song added,"The Beatles - I Am The Walrus"
01/06/2022 05:13:14,INFO,SpotifyToolsLib.Spotify.SpotifyAdapter,[74/726] Song not found,"The Beatles - Don't Bother Me"
01/06/2022 05:13:14,INFO,SpotifyToolsLib.Spotify.SpotifyAdapter,[75/726] Song not found,"The Bee Gees - Stayin' Alive"
01/06/2022 05:13:14,INFO,SpotifyToolsLib.Spotify.SpotifyAdapter,[76/726] Song not found,"The Bee Gees - How Deep Is Your Love ?"
01/06/2022 05:13:14,INFO,SpotifyToolsLib.Spotify.SpotifyAdapter,[77/726] Song not found,"The Bee Gees - More Than A Woman"
01/06/2022 05:13:15,DEBUG,SpotifyToolsLib.Spotify.SpotifyAdapter,[78/726] Song added,"Benny Goodman - Sing Sing Sing"
01/06/2022 05:13:15,INFO,SpotifyToolsLib.Spotify.SpotifyAdapter,[79/726] Song not found,"Benny Goodman - Sunny Side Of The Street (with Peggy Lee)"
01/06/2022 05:13:15,INFO,SpotifyToolsLib.Spotify.SpotifyAdapter,[80/726] Song not found,"Bill Deal & The Rhondells - I've Been Hurt"
01/06/2022 05:13:15,DEBUG,SpotifyToolsLib.Spotify.SpotifyAdapter,[81/726] Song added,"Billy Idol - White Wedding"
01/06/2022 05:13:15,DEBUG,SpotifyToolsLib.Spotify.SpotifyAdapter,[82/726] Song added,"Billy Idol - Rebel Yell"
01/06/2022 05:13:16,DEBUG,SpotifyToolsLib.Spotify.SpotifyAdapter,[83/726] Song added,"Billy Joel - Scenes From An Italian Restaurant"
01/06/2022 05:13:16,DEBUG,SpotifyToolsLib.Spotify.SpotifyAdapter,[84/726] Song added,"Billy Joel - New York State Of Mind"
01/06/2022 05:13:16,INFO,SpotifyToolsLib.Spotify.SpotifyAdapter,[85/726] Song not found,"Billy Joel - Miami 2017 (Seen The Lights Go Out On Broadway)"
01/06/2022 05:13:16,DEBUG,SpotifyToolsLib.Spotify.SpotifyAdapter,[86/726] Song added,"The Black Crowes - Twice As Hard"
01/06/2022 05:13:17,DEBUG,SpotifyToolsLib.Spotify.SpotifyAdapter,[87/726] Song added,"The Black Crowes - Jealous Again"
01/06/2022 05:13:17,DEBUG,SpotifyToolsLib.Spotify.SpotifyAdapter,[88/726] Song added,"The Black Crowes - Could I've Been So Blind"
01/06/2022 05:13:17,DEBUG,SpotifyToolsLib.Spotify.SpotifyAdapter,[89/726] Song added,"The Black Crowes - Hard To Handle [Otis Redding]"
01/06/2022 05:13:17,DEBUG,SpotifyToolsLib.Spotify.SpotifyAdapter,[90/726] Song added,"The Black Crowes - She Talks To Angels"
01/06/2022 05:13:18,DEBUG,SpotifyToolsLib.Spotify.SpotifyAdapter,[91/726] Song added,"The Black Crowes - Remedy"
01/06/2022 05:13:18,DEBUG,SpotifyToolsLib.Spotify.SpotifyAdapter,[92/726] Song added,"The Black Crowes - Hotel Illness"
01/06/2022 05:13:18,DEBUG,SpotifyToolsLib.Spotify.SpotifyAdapter,[93/726] Song added,"Blackfoot - Highway Song"
01/06/2022 05:13:18,DEBUG,SpotifyToolsLib.Spotify.SpotifyAdapter,[94/726] Song added,"Blackmore's Night - Fires At Midnight"
01/06/2022 05:13:18,DEBUG,SpotifyToolsLib.Spotify.SpotifyAdapter,[95/726] Song added,"Blackmore's Night - Storm"
01/06/2022 05:13:19,DEBUG,SpotifyToolsLib.Spotify.SpotifyAdapter,[96/726] Song added,"Blind Melon - No Rain"
01/06/2022 05:13:19,DEBUG,SpotifyToolsLib.Spotify.SpotifyAdapter,[97/726] Song added,"Blind Melon - Walk"
01/06/2022 05:13:19,DEBUG,SpotifyToolsLib.Spotify.SpotifyAdapter,[98/726] Song added,"Blondie - Call Me"
01/06/2022 05:13:19,INFO,SpotifyToolsLib.Spotify.SpotifyAdapter,[99/726] Song not found,"Blue Oyster Cult - Astronomy"
01/06/2022 05:13:19,INFO,SpotifyToolsLib.Spotify.SpotifyAdapter,[100/726] Song not found,"Blue Oyster Cult - (Don't Fear) The Reaper"
01/06/2022 05:13:20,DEBUG,SpotifyToolsLib.Spotify.SpotifyAdapter,[101/726] Song added,"The Blues Brothers - Gimme Some Lovin' [Spencer Davis Group]"
01/06/2022 05:13:20,INFO,SpotifyToolsLib.Spotify.SpotifyAdapter,[102/726] Song not found,"The Blues Brothers - Shake A Tail Feather (with Ray Charles) [The Five Du-Tones]"
01/06/2022 05:13:20,DEBUG,SpotifyToolsLib.Spotify.SpotifyAdapter,[103/726] Song added,"The Blues Brothers - Think (with Aretha Franklin) [Aretha Franklin]"
01/06/2022 05:13:20,INFO,SpotifyToolsLib.Spotify.SpotifyAdapter,[104/726] Song not found,"The Blues Brothers - Theme From 'Rawhide' [TV Theme]"
01/06/2022 05:13:21,DEBUG,SpotifyToolsLib.Spotify.SpotifyAdapter,[105/726] Song added,"Bob Dylan - Like A Rolling Stone"
01/06/2022 05:13:21,DEBUG,SpotifyToolsLib.Spotify.SpotifyAdapter,[106/726] Song added,"Bob Dylan - Jokerman"
01/06/2022 05:13:21,INFO,SpotifyToolsLib.Spotify.SpotifyAdapter,[107/726] Song not found,"Bob Seger & The Silver Bullet Band - Turn The Page"
01/06/2022 05:13:21,DEBUG,SpotifyToolsLib.Spotify.SpotifyAdapter,[108/726] Song added,"Bobby Hebb - Sunny"
01/06/2022 05:13:22,DEBUG,SpotifyToolsLib.Spotify.SpotifyAdapter,[109/726] Song added,"Bobby Troup - Route 66"
01/06/2022 05:13:22,DEBUG,SpotifyToolsLib.Spotify.SpotifyAdapter,[110/726] Song added,"Bonnie Tyler - Total Eclipse Of The Heart"
01/06/2022 05:13:22,DEBUG,SpotifyToolsLib.Spotify.SpotifyAdapter,[111/726] Song added,"Bonnie Tyler - Holding Out For A Hero"
01/06/2022 05:13:22,DEBUG,SpotifyToolsLib.Spotify.SpotifyAdapter,[112/726] Song added,"Booker T. & The M.G.'s - Green Onions"
01/06/2022 05:13:22,INFO,SpotifyToolsLib.Spotify.SpotifyAdapter,[113/726] Song not found,"Bowes & Morley - Desire"
01/06/2022 05:13:23,INFO,SpotifyToolsLib.Spotify.SpotifyAdapter,[114/726] Song not found,"Bowling For Soup - Turbulence (Feat. Gabriel Mann Of The Rescues)"
01/06/2022 05:13:23,DEBUG,SpotifyToolsLib.Spotify.SpotifyAdapter,[115/726] Song added,"Bowling For Soup - Jimmy Neutron Theme"
01/06/2022 05:13:23,INFO,SpotifyToolsLib.Spotify.SpotifyAdapter,[116/726] Song not found,"Bowling For Soup - Sad Sad Situation"
01/06/2022 05:13:23,DEBUG,SpotifyToolsLib.Spotify.SpotifyAdapter,[117/726] Song added,"The Box Tops - The Letter"
01/06/2022 05:13:23,INFO,SpotifyToolsLib.Spotify.SpotifyAdapter,[118/726] Song not found,"Boz Scaggs - We're All Alone"
01/06/2022 05:13:24,DEBUG,SpotifyToolsLib.Spotify.SpotifyAdapter,[119/726] Song added,"The Bravery - Bad Sun"
01/06/2022 05:13:24,DEBUG,SpotifyToolsLib.Spotify.SpotifyAdapter,[120/726] Song added,"Bread - If"
01/06/2022 05:13:24,DEBUG,SpotifyToolsLib.Spotify.SpotifyAdapter,[121/726] Song added,"Bread - Aubrey"
01/06/2022 05:13:24,DEBUG,SpotifyToolsLib.Spotify.SpotifyAdapter,[122/726] Song added,"Brian May - Too Much Love Will Kill You"
01/06/2022 05:13:24,DEBUG,SpotifyToolsLib.Spotify.SpotifyAdapter,[123/726] Song added,"Bronski Beat - Smalltown Boy"
01/06/2022 05:13:25,DEBUG,SpotifyToolsLib.Spotify.SpotifyAdapter,[124/726] Song added,"Brooks & Dunn - Little Miss Honky Tonk"
01/06/2022 05:13:25,DEBUG,SpotifyToolsLib.Spotify.SpotifyAdapter,[125/726] Song added,"Bruce Hornsby - The Way It Is"
01/06/2022 05:13:25,DEBUG,SpotifyToolsLib.Spotify.SpotifyAdapter,[126/726] Song added,"Bruce Springsteen - Dancing In The Dark"
01/06/2022 05:13:25,DEBUG,SpotifyToolsLib.Spotify.SpotifyAdapter,[127/726] Song added,"Bruce Springsteen - Thunder Road "
01/06/2022 05:13:26,DEBUG,SpotifyToolsLib.Spotify.SpotifyAdapter,[128/726] Song added,"Bruce Springsteen - Born To Run"
01/06/2022 05:13:26,DEBUG,SpotifyToolsLib.Spotify.SpotifyAdapter,[129/726] Song added,"Bruce Springsteen - Wrong Side Of The Street"
01/06/2022 05:13:26,DEBUG,SpotifyToolsLib.Spotify.SpotifyAdapter,[130/726] Song added,"Bruce Springsteen - The River"
01/06/2022 05:13:26,DEBUG,SpotifyToolsLib.Spotify.SpotifyAdapter,[131/726] Song added,"Bryan Adams - Run To You"
01/06/2022 05:13:26,DEBUG,SpotifyToolsLib.Spotify.SpotifyAdapter,[132/726] Song added,"Bryan Adams - Heaven"
01/06/2022 05:13:27,DEBUG,SpotifyToolsLib.Spotify.SpotifyAdapter,[133/726] Song added,"Bryan Adams - Summer Of '69"
01/06/2022 05:13:27,DEBUG,SpotifyToolsLib.Spotify.SpotifyAdapter,[134/726] Song added,"Bryan Adams - Kids Wanna Rock"
01/06/2022 05:13:27,INFO,SpotifyToolsLib.Spotify.SpotifyAdapter,[135/726] Song not found,"Bryan Adams - Back To You (Live Acoustic)"
01/06/2022 05:13:27,INFO,SpotifyToolsLib.Spotify.SpotifyAdapter,[136/726] Song not found,"Bryan Adams & Mel C - When You're Gone"
01/06/2022 05:13:27,DEBUG,SpotifyToolsLib.Spotify.SpotifyAdapter,[137/726] Song added,"Buffalo Springfield - For What It's Worth"
01/06/2022 05:13:27,INFO,SpotifyToolsLib.Spotify.SpotifyAdapter,[138/726] Song not found,"Bugglers - Video Killed The Radio Stars"
01/06/2022 05:13:28,DEBUG,SpotifyToolsLib.Spotify.SpotifyAdapter,[139/726] Song added,"The Byrds - Eight Miles High"
01/06/2022 05:13:28,DEBUG,SpotifyToolsLib.Spotify.SpotifyAdapter,[140/726] Song added,"The Byrds - My Back Pages [Bob Dylan]"
01/06/2022 05:13:28,DEBUG,SpotifyToolsLib.Spotify.SpotifyAdapter,[141/726] Song added,"Carl Lafong Trio - Let There Be Drums"
01/06/2022 05:13:28,DEBUG,SpotifyToolsLib.Spotify.SpotifyAdapter,[142/726] Song added,"Carole King - Legacy"
01/06/2022 05:13:29,DEBUG,SpotifyToolsLib.Spotify.SpotifyAdapter,[143/726] Song added,"Carole King - I Feel The Earth Move"
01/06/2022 05:13:29,DEBUG,SpotifyToolsLib.Spotify.SpotifyAdapter,[144/726] Song added,"Carole King - So Far Away"
01/06/2022 05:13:29,INFO,SpotifyToolsLib.Spotify.SpotifyAdapter,[145/726] Song not found,"Carole King - You've Got A Friend"
01/06/2022 05:13:29,INFO,SpotifyToolsLib.Spotify.SpotifyAdapter,[146/726] Song not found,"Carolina Liar - I'm Not Over"
01/06/2022 05:13:29,DEBUG,SpotifyToolsLib.Spotify.SpotifyAdapter,[147/726] Song added,"The Chantays - Pipeline"
01/06/2022 05:13:29,INFO,SpotifyToolsLib.Spotify.SpotifyAdapter,[148/726] Song not found,"Charlie Daniels Band - Devil Went Down To Georgia"
01/06/2022 05:13:30,INFO,SpotifyToolsLib.Spotify.SpotifyAdapter,[149/726] Song not found,"Cheap Trick - Magical Mystery Tour [The Beatles]"
01/06/2022 05:13:30,DEBUG,SpotifyToolsLib.Spotify.SpotifyAdapter,[150/726] Song added,"Cheap Trick - Surrender"
01/06/2022 05:13:30,DEBUG,SpotifyToolsLib.Spotify.SpotifyAdapter,[151/726] Song added,"Cheap Trick - Auf Wiedersehen"
01/06/2022 05:13:30,DEBUG,SpotifyToolsLib.Spotify.SpotifyAdapter,[152/726] Song added,"Cher - Believe"
01/06/2022 05:13:31,DEBUG,SpotifyToolsLib.Spotify.SpotifyAdapter,[153/726] Song added,"Cher - The Shoop Shoop Song (It's In His Kiss)"
01/06/2022 05:13:31,INFO,SpotifyToolsLib.Spotify.SpotifyAdapter,[154/726] Song not found,"Chicago - Hard To Say I'm Sorry ~ Get Away"
01/06/2022 05:13:31,DEBUG,SpotifyToolsLib.Spotify.SpotifyAdapter,[155/726] Song added,"Chicago - Beginnings"
01/06/2022 05:13:31,DEBUG,SpotifyToolsLib.Spotify.SpotifyAdapter,[156/726] Song added,"Chicago - Saturday In The Park"
01/06/2022 05:13:32,DEBUG,SpotifyToolsLib.Spotify.SpotifyAdapter,[157/726] Song added,"Chicago - Feelin' Stronger Every Day"
01/06/2022 05:13:32,DEBUG,SpotifyToolsLib.Spotify.SpotifyAdapter,[158/726] Song added,"Chicago - Old Days"
01/06/2022 05:13:32,DEBUG,SpotifyToolsLib.Spotify.SpotifyAdapter,[159/726] Song added,"Chicago - If You Leave Me Now"
01/06/2022 05:13:32,INFO,SpotifyToolsLib.Spotify.SpotifyAdapter,[160/726] Song not found,"Chicago - You're The Inspiration"
01/06/2022 05:13:32,INFO,SpotifyToolsLib.Spotify.SpotifyAdapter,[161/726] Song not found,"Chris Anderson - Last Night (Baba Hou!)"
01/06/2022 05:13:32,DEBUG,SpotifyToolsLib.Spotify.SpotifyAdapter,[162/726] Song added,"Chris De Burgh - High On Emotion"
01/06/2022 05:13:33,DEBUG,SpotifyToolsLib.Spotify.SpotifyAdapter,[163/726] Song added,"Chris Isaak - Blue Hotel"
01/06/2022 05:13:33,INFO,SpotifyToolsLib.Spotify.SpotifyAdapter,[164/726] Song not found,"Chris Rhea - The Road To Hell"
01/06/2022 05:13:33,INFO,SpotifyToolsLib.Spotify.SpotifyAdapter,[165/726] Song not found,"Chris Robinson & The New Earth Mud - Safe In The Arms Of Love"
01/06/2022 05:13:33,DEBUG,SpotifyToolsLib.Spotify.SpotifyAdapter,[166/726] Song added,"Chris Robinson Brotherhood - Some Earthly Delights"
01/06/2022 05:13:33,DEBUG,SpotifyToolsLib.Spotify.SpotifyAdapter,[167/726] Song added,"Christina Aguilera - Beautiful"
01/06/2022 05:13:33,INFO,SpotifyToolsLib.Spotify.SpotifyAdapter,[168/726] Song not found,"Christopher Cross - Arthur's Theme (The Best That You Can Do)"
01/06/2022 05:13:34,DEBUG,SpotifyToolsLib.Spotify.SpotifyAdapter,[169/726] Song added,"Chumbawamba - Tubthumping"
01/06/2022 05:13:34,INFO,SpotifyToolsLib.Spotify.SpotifyAdapter,[170/726] Song not found,"The Clash - Should I Stay Or Should I Go"
01/06/2022 05:13:34,INFO,SpotifyToolsLib.Spotify.SpotifyAdapter,[171/726] Song not found,"The Clash - Rock The Casbah"
01/06/2022 05:13:34,DEBUG,SpotifyToolsLib.Spotify.SpotifyAdapter,[172/726] Song added,"The Clash - London Calling"
01/06/2022 05:13:35,DEBUG,SpotifyToolsLib.Spotify.SpotifyAdapter,[173/726] Song added,"The Clash - Spanish Bombs"
01/06/2022 05:13:35,INFO,SpotifyToolsLib.Spotify.SpotifyAdapter,[174/726] Song not found,"Colin Hay - Overkill (Acoustic)"
01/06/2022 05:13:35,INFO,SpotifyToolsLib.Spotify.SpotifyAdapter,[175/726] Song not found,"Colin Hay - Who Can It Be Now (Acoustic)"
01/06/2022 05:13:35,DEBUG,SpotifyToolsLib.Spotify.SpotifyAdapter,[176/726] Song added,"The Commitments - Mustang Sally [Wilson Pickett]"
01/06/2022 05:13:35,DEBUG,SpotifyToolsLib.Spotify.SpotifyAdapter,[177/726] Song added,"The Commitments - Destination Anywhere [The Marvelettes]"
01/06/2022 05:13:36,INFO,SpotifyToolsLib.Spotify.SpotifyAdapter,[178/726] Song not found,"The Commitments - Try A Little Tenderness [Otis Redding]"
01/06/2022 05:13:37,DEBUG,SpotifyToolsLib.Spotify.SpotifyAdapter,[179/726] Song added,"Corona - The Rhythm Of The Night"
01/06/2022 05:13:37,INFO,SpotifyToolsLib.Spotify.SpotifyAdapter,[180/726] Song not found,"Cozy Powell's Bedlam - Looking Through Love's Eyes"
01/06/2022 05:13:37,DEBUG,SpotifyToolsLib.Spotify.SpotifyAdapter,[181/726] Song added,"Crabby Appleton - Go Back"
01/06/2022 05:13:37,DEBUG,SpotifyToolsLib.Spotify.SpotifyAdapter,[182/726] Song added,"Crazy Elephant - Gimme Gimme Good Lovin'"
01/06/2022 05:13:37,DEBUG,SpotifyToolsLib.Spotify.SpotifyAdapter,[183/726] Song added,"Cream - Sunshine Of Your Love"
01/06/2022 05:13:37,DEBUG,SpotifyToolsLib.Spotify.SpotifyAdapter,[184/726] Song added,"Cream - Tales Of Brave Ulysses"
01/06/2022 05:13:38,DEBUG,SpotifyToolsLib.Spotify.SpotifyAdapter,[185/726] Song added,"Cream - Badge"
01/06/2022 05:13:38,DEBUG,SpotifyToolsLib.Spotify.SpotifyAdapter,[186/726] Song added,"Cream - White Room"
01/06/2022 05:13:38,INFO,SpotifyToolsLib.Spotify.SpotifyAdapter,[187/726] Song not found,"CSN - Suite Judy Blue Eyes"
01/06/2022 05:13:38,INFO,SpotifyToolsLib.Spotify.SpotifyAdapter,[188/726] Song not found,"CSN - Marrakesh Express"
01/06/2022 05:13:38,INFO,SpotifyToolsLib.Spotify.SpotifyAdapter,[189/726] Song not found,"CSN - Wooden Ships"
01/06/2022 05:13:38,INFO,SpotifyToolsLib.Spotify.SpotifyAdapter,[190/726] Song not found,"CSN - Helplessly Hoping"
01/06/2022 05:13:39,INFO,SpotifyToolsLib.Spotify.SpotifyAdapter,[191/726] Song not found,"CSN - Cathedral"
01/06/2022 05:13:39,INFO,SpotifyToolsLib.Spotify.SpotifyAdapter,[192/726] Song not found,"CSN - Just A Song Before I Go"
01/06/2022 05:13:39,INFO,SpotifyToolsLib.Spotify.SpotifyAdapter,[193/726] Song not found,"CSN - Southern Cross"
01/06/2022 05:13:39,INFO,SpotifyToolsLib.Spotify.SpotifyAdapter,[194/726] Song not found,"CSN&Y - Carry On"
01/06/2022 05:13:39,INFO,SpotifyToolsLib.Spotify.SpotifyAdapter,[195/726] Song not found,"CSN&Y - Woodstock [Joni Mitchell]"
01/06/2022 05:13:40,DEBUG,SpotifyToolsLib.Spotify.SpotifyAdapter,[196/726] Song added,"The Cult - Wild Hearted Son"
01/06/2022 05:13:40,DEBUG,SpotifyToolsLib.Spotify.SpotifyAdapter,[197/726] Song added,"The Cult - Dreamtime"
01/06/2022 05:13:40,DEBUG,SpotifyToolsLib.Spotify.SpotifyAdapter,[198/726] Song added,"The Cult - Lil' Devil"
01/06/2022 05:13:40,DEBUG,SpotifyToolsLib.Spotify.SpotifyAdapter,[199/726] Song added,"The Cult - Love Removal Machine"
01/06/2022 05:13:41,DEBUG,SpotifyToolsLib.Spotify.SpotifyAdapter,[200/726] Song added,"The Cult - Outlaw"
01/06/2022 05:13:41,DEBUG,SpotifyToolsLib.Spotify.SpotifyAdapter,[201/726] Song added,"The Cult - Nirvana"
01/06/2022 05:13:42,DEBUG,SpotifyToolsLib.Spotify.SpotifyAdapter,[202/726] Song added,"The Cult - Rain"
01/06/2022 05:13:42,DEBUG,SpotifyToolsLib.Spotify.SpotifyAdapter,[203/726] Song added,"The Cult - Revolution"
01/06/2022 05:13:42,DEBUG,SpotifyToolsLib.Spotify.SpotifyAdapter,[204/726] Song added,"The Cult - She Sells Sanctuary"
01/06/2022 05:13:42,DEBUG,SpotifyToolsLib.Spotify.SpotifyAdapter,[205/726] Song added,"The Cult - Fire Woman"
01/06/2022 05:13:43,INFO,SpotifyToolsLib.Spotify.SpotifyAdapter,[206/726] Song not found,"Culture Club - Do You Really Want To Hurt Me ?"
01/06/2022 05:13:43,DEBUG,SpotifyToolsLib.Spotify.SpotifyAdapter,[207/726] Song added,"The Cure - Primary"
01/06/2022 05:13:43,DEBUG,SpotifyToolsLib.Spotify.SpotifyAdapter,[208/726] Song added,"Cyndi Lauper - True Colors"
01/06/2022 05:13:43,INFO,SpotifyToolsLib.Spotify.SpotifyAdapter,[209/726] Song not found,"Daft Punk - Get Lucky"
01/06/2022 05:13:43,DEBUG,SpotifyToolsLib.Spotify.SpotifyAdapter,[210/726] Song added,"The Dandy Warhols - Godless"
01/06/2022 05:13:44,DEBUG,SpotifyToolsLib.Spotify.SpotifyAdapter,[211/726] Song added,"The Dandy Warhols - Bohemian Like You"
01/06/2022 05:13:44,DEBUG,SpotifyToolsLib.Spotify.SpotifyAdapter,[212/726] Song added,"Daniel Powter - Bad Day"
01/06/2022 05:13:44,INFO,SpotifyToolsLib.Spotify.SpotifyAdapter,[213/726] Song not found,"Danny Vaughn - Is That All There Is ?"
01/06/2022 05:13:44,DEBUG,SpotifyToolsLib.Spotify.SpotifyAdapter,[214/726] Song added,"The Darkness - One Way Ticket"
01/06/2022 05:13:45,DEBUG,SpotifyToolsLib.Spotify.SpotifyAdapter,[215/726] Song added,"The Darkness - Black Shuck"
01/06/2022 05:13:45,DEBUG,SpotifyToolsLib.Spotify.SpotifyAdapter,[216/726] Song added,"The Darkness - Get Your Hands Off My Woman"
01/06/2022 05:13:45,DEBUG,SpotifyToolsLib.Spotify.SpotifyAdapter,[217/726] Song added,"The Darkness - I Believe In A Thing Called Love"
01/06/2022 05:13:45,DEBUG,SpotifyToolsLib.Spotify.SpotifyAdapter,[218/726] Song added,"Dave Brubeck - Take Five"
01/06/2022 05:13:46,INFO,SpotifyToolsLib.Spotify.SpotifyAdapter,[219/726] Song not found,"David Bowie - Absolute Beginners"
01/06/2022 05:13:46,DEBUG,SpotifyToolsLib.Spotify.SpotifyAdapter,[220/726] Song added,"David Bowie - This Is Not America"
01/06/2022 05:13:46,DEBUG,SpotifyToolsLib.Spotify.SpotifyAdapter,[221/726] Song added,"David Bowie - Life On Mars"
01/06/2022 05:13:47,INFO,SpotifyToolsLib.Spotify.SpotifyAdapter,[222/726] Song not found,"David Bowie - Modern Love"
01/06/2022 05:13:47,INFO,SpotifyToolsLib.Spotify.SpotifyAdapter,[223/726] Song not found,"David Bowie - China Girl"
01/06/2022 05:13:47,INFO,SpotifyToolsLib.Spotify.SpotifyAdapter,[224/726] Song not found,"David Bowie - Loving The Alien"
01/06/2022 05:13:47,INFO,SpotifyToolsLib.Spotify.SpotifyAdapter,[225/726] Song not found,"David Bowie - Blue Jean"
01/06/2022 05:13:47,INFO,SpotifyToolsLib.Spotify.SpotifyAdapter,[226/726] Song not found,"David Guetta - Titanium (ft. Sia)"
01/06/2022 05:13:48,INFO,SpotifyToolsLib.Spotify.SpotifyAdapter,[227/726] Song not found,"David Guetta - Lovers On The Sun (ft. Sam Martin)"
01/06/2022 05:13:48,INFO,SpotifyToolsLib.Spotify.SpotifyAdapter,[228/726] Song not found,"David Soul - Don't Give Up On Us"
01/06/2022 05:13:48,DEBUG,SpotifyToolsLib.Spotify.SpotifyAdapter,[229/726] Song added,"Dead Or Alive - You Spin Me Round (Like a Record)"
01/06/2022 05:13:48,DEBUG,SpotifyToolsLib.Spotify.SpotifyAdapter,[230/726] Song added,"Depeche Mode - People Are People"
01/06/2022 05:13:48,DEBUG,SpotifyToolsLib.Spotify.SpotifyAdapter,[231/726] Song added,"Depeche Mode - Master And Servant"
01/06/2022 05:13:48,INFO,SpotifyToolsLib.Spotify.SpotifyAdapter,[232/726] Song not found,"Derek And The Dominos - Bell Bottom Blues"
01/06/2022 05:13:49,INFO,SpotifyToolsLib.Spotify.SpotifyAdapter,[233/726] Song not found,"Derek And The Dominos - Little Wing [Jimi Hendrix]"
01/06/2022 05:13:49,INFO,SpotifyToolsLib.Spotify.SpotifyAdapter,[234/726] Song not found,"Derek And The Dominos - Layla"
01/06/2022 05:13:49,DEBUG,SpotifyToolsLib.Spotify.SpotifyAdapter,[235/726] Song added,"Dick Dale - Miserlou"
01/06/2022 05:13:49,INFO,SpotifyToolsLib.Spotify.SpotifyAdapter,[236/726] Song not found,"Dick Dale - Pipeline (With Stevie Ray Vaughan)"
01/06/2022 05:13:49,DEBUG,SpotifyToolsLib.Spotify.SpotifyAdapter,[237/726] Song added,"Dick Dale - Nitrus"
01/06/2022 05:13:49,INFO,SpotifyToolsLib.Spotify.SpotifyAdapter,[238/726] Song not found,"Dick Dale & Stevie Ray Vaughan - Pipeline [The Chantays]"
01/06/2022 05:13:50,DEBUG,SpotifyToolsLib.Spotify.SpotifyAdapter,[239/726] Song added,"Dinah Washington - Call Me Irresponsible"
01/06/2022 05:13:50,DEBUG,SpotifyToolsLib.Spotify.SpotifyAdapter,[240/726] Song added,"Dinah Washington - Mad About The Boy"
01/06/2022 05:13:50,INFO,SpotifyToolsLib.Spotify.SpotifyAdapter,[241/726] Song not found,"Dion Dimucci - And The Night Stood Still"
01/06/2022 05:13:50,INFO,SpotifyToolsLib.Spotify.SpotifyAdapter,[242/726] Song not found,"Dionne Warwick - Do You Know The Way To San Jose ?"
01/06/2022 05:13:50,INFO,SpotifyToolsLib.Spotify.SpotifyAdapter,[243/726] Song not found,"Dionne Warwick - I'll Never Fall In Love Again"
01/06/2022 05:13:50,DEBUG,SpotifyToolsLib.Spotify.SpotifyAdapter,[244/726] Song added,"Dionne Warwick - That's What Friends Are For"
01/06/2022 05:13:51,DEBUG,SpotifyToolsLib.Spotify.SpotifyAdapter,[245/726] Song added,"Dire Straits - Money For Nothing"
01/06/2022 05:13:51,DEBUG,SpotifyToolsLib.Spotify.SpotifyAdapter,[246/726] Song added,"Dire Straits - Walk Of Life"
01/06/2022 05:13:51,DEBUG,SpotifyToolsLib.Spotify.SpotifyAdapter,[247/726] Song added,"Dire Straits - Sultans Of Swing"
01/06/2022 05:13:51,DEBUG,SpotifyToolsLib.Spotify.SpotifyAdapter,[248/726] Song added,"Dire Straits - Telegraph Road"
01/06/2022 05:13:52,DEBUG,SpotifyToolsLib.Spotify.SpotifyAdapter,[249/726] Song added,"Dire Straits - Private Investigations"
01/06/2022 05:13:52,DEBUG,SpotifyToolsLib.Spotify.SpotifyAdapter,[250/726] Song added,"Dire Straits - Tunnel Of Love"
01/06/2022 05:13:52,DEBUG,SpotifyToolsLib.Spotify.SpotifyAdapter,[251/726] Song added,"Dire Straits - Romeo And Juliet"
01/06/2022 05:13:52,INFO,SpotifyToolsLib.Spotify.SpotifyAdapter,[252/726] Song not found,"Dire Straits - Twisting By The Pool (Remix)"
01/06/2022 05:13:52,INFO,SpotifyToolsLib.Spotify.SpotifyAdapter,[253/726] Song not found,"The Dixie Chicks - Sin Wagon"
01/06/2022 05:13:53,DEBUG,SpotifyToolsLib.Spotify.SpotifyAdapter,[254/726] Song added,"DNCE - Cake By The Ocean"
01/06/2022 05:13:53,DEBUG,SpotifyToolsLib.Spotify.SpotifyAdapter,[255/726] Song added,"Don Henley - The Boys Of Summer"
01/06/2022 05:13:54,DEBUG,SpotifyToolsLib.Spotify.SpotifyAdapter,[256/726] Song added,"Don Henley - New York Minute"
01/06/2022 05:13:54,DEBUG,SpotifyToolsLib.Spotify.SpotifyAdapter,[257/726] Song added,"Don Henley - The Heart Of The Matter"
01/06/2022 05:13:54,DEBUG,SpotifyToolsLib.Spotify.SpotifyAdapter,[258/726] Song added,"Don McLean - American Pie"
01/06/2022 05:13:54,DEBUG,SpotifyToolsLib.Spotify.SpotifyAdapter,[259/726] Song added,"Donna Summer - Last Dance"
01/06/2022 05:13:54,DEBUG,SpotifyToolsLib.Spotify.SpotifyAdapter,[260/726] Song added,"Donna Summer - Hot Stuff"
01/06/2022 05:13:55,DEBUG,SpotifyToolsLib.Spotify.SpotifyAdapter,[261/726] Song added,"Doobie Brothers - Long Train Runnin'"
01/06/2022 05:13:55,DEBUG,SpotifyToolsLib.Spotify.SpotifyAdapter,[262/726] Song added,"The Doors - Love Her Madly"
01/06/2022 05:13:55,DEBUG,SpotifyToolsLib.Spotify.SpotifyAdapter,[263/726] Song added,"The Doors - Roadhouse Blues"
01/06/2022 05:13:55,DEBUG,SpotifyToolsLib.Spotify.SpotifyAdapter,[264/726] Song added,"The Doors - Love Me Two Times"
01/06/2022 05:13:56,DEBUG,SpotifyToolsLib.Spotify.SpotifyAdapter,[265/726] Song added,"Double You - Please Don't Go [KC & The Sunshine Band]"
01/06/2022 05:13:56,INFO,SpotifyToolsLib.Spotify.SpotifyAdapter,[266/726] Song not found,"Dr & The Medics - Spirit In The Sky [Norman Greenbaum]"
01/06/2022 05:13:56,DEBUG,SpotifyToolsLib.Spotify.SpotifyAdapter,[267/726] Song added,"Duffy - Mercy"
01/06/2022 05:13:56,DEBUG,SpotifyToolsLib.Spotify.SpotifyAdapter,[268/726] Song added,"Duran Duran - (Reach Up For The) Sunrise"
01/06/2022 05:13:57,DEBUG,SpotifyToolsLib.Spotify.SpotifyAdapter,[269/726] Song added,"Duran Duran - Rio"
01/06/2022 05:13:57,DEBUG,SpotifyToolsLib.Spotify.SpotifyAdapter,[270/726] Song added,"Duran Duran - Hungry Like The Wolf"
01/06/2022 05:13:57,DEBUG,SpotifyToolsLib.Spotify.SpotifyAdapter,[271/726] Song added,"Duran Duran - New Moon On Monday"
01/06/2022 05:13:57,DEBUG,SpotifyToolsLib.Spotify.SpotifyAdapter,[272/726] Song added,"Earth, Wind & Fire - Let's Groove"
01/06/2022 05:13:57,DEBUG,SpotifyToolsLib.Spotify.SpotifyAdapter,[273/726] Song added,"Earth, Wind & Fire - Boogie Wonderland"
01/06/2022 05:13:58,DEBUG,SpotifyToolsLib.Spotify.SpotifyAdapter,[274/726] Song added,"Earth, Wind & Fire - September"
01/06/2022 05:13:58,DEBUG,SpotifyToolsLib.Spotify.SpotifyAdapter,[275/726] Song added,"Eden White - This Is The Way"
01/06/2022 05:13:58,DEBUG,SpotifyToolsLib.Spotify.SpotifyAdapter,[276/726] Song added,"Eden White - Goodbye"
01/06/2022 05:13:58,DEBUG,SpotifyToolsLib.Spotify.SpotifyAdapter,[277/726] Song added,"Edgar Winter - Frankenstein"
01/06/2022 05:13:59,DEBUG,SpotifyToolsLib.Spotify.SpotifyAdapter,[278/726] Song added,"Ella Fitzgerald - Someone To Watch Over Me"
01/06/2022 05:13:59,DEBUG,SpotifyToolsLib.Spotify.SpotifyAdapter,[279/726] Song added,"Ella Fitzgerald - You Do Something To Me"
01/06/2022 05:13:59,INFO,SpotifyToolsLib.Spotify.SpotifyAdapter,[280/726] Song not found,"ELO - Can't Get It Out Of My Head"
01/06/2022 05:13:59,INFO,SpotifyToolsLib.Spotify.SpotifyAdapter,[281/726] Song not found,"ELO - Evil Woman"
01/06/2022 05:13:59,INFO,SpotifyToolsLib.Spotify.SpotifyAdapter,[282/726] Song not found,"ELO - Telephone Line"
01/06/2022 05:13:59,INFO,SpotifyToolsLib.Spotify.SpotifyAdapter,[283/726] Song not found,"ELO - Livin' Thing"
01/06/2022 05:13:59,INFO,SpotifyToolsLib.Spotify.SpotifyAdapter,[284/726] Song not found,"ELO - Showdown"
01/06/2022 05:14:00,INFO,SpotifyToolsLib.Spotify.SpotifyAdapter,[285/726] Song not found,"ELO - Sweet Talkin' Woman"
01/06/2022 05:14:00,INFO,SpotifyToolsLib.Spotify.SpotifyAdapter,[286/726] Song not found,"ELP - Lucky Man"
01/06/2022 05:14:00,INFO,SpotifyToolsLib.Spotify.SpotifyAdapter,[287/726] Song not found,"ELP - Touch And Go"
01/06/2022 05:14:00,INFO,SpotifyToolsLib.Spotify.SpotifyAdapter,[288/726] Song not found,"ELP - From The Beginning"
01/06/2022 05:14:00,DEBUG,SpotifyToolsLib.Spotify.SpotifyAdapter,[289/726] Song added,"Elton John - Something About The Way You Look Tonight"
01/06/2022 05:14:00,DEBUG,SpotifyToolsLib.Spotify.SpotifyAdapter,[290/726] Song added,"Elton John - Tonight"
01/06/2022 05:14:01,DEBUG,SpotifyToolsLib.Spotify.SpotifyAdapter,[291/726] Song added,"Elton John - Sorry Seems To Be The Hardest Word"
01/06/2022 05:14:01,INFO,SpotifyToolsLib.Spotify.SpotifyAdapter,[292/726] Song not found,"Elton John - Don't Let The Sun Go Down On Me"
01/06/2022 05:14:01,DEBUG,SpotifyToolsLib.Spotify.SpotifyAdapter,[293/726] Song added,"Elton John - Your Song"
01/06/2022 05:14:01,DEBUG,SpotifyToolsLib.Spotify.SpotifyAdapter,[294/726] Song added,"Elton John - Sixty Years On"
01/06/2022 05:14:01,INFO,SpotifyToolsLib.Spotify.SpotifyAdapter,[295/726] Song not found,"Elton John - Funeral For A Friend ~ Love Lies Bleeding"
01/06/2022 05:14:02,INFO,SpotifyToolsLib.Spotify.SpotifyAdapter,[296/726] Song not found,"Elton John - Goodby Yellow Brick Road"
01/06/2022 05:14:02,DEBUG,SpotifyToolsLib.Spotify.SpotifyAdapter,[297/726] Song added,"Elton John - Harmony"
01/06/2022 05:14:02,DEBUG,SpotifyToolsLib.Spotify.SpotifyAdapter,[298/726] Song added,"Elton John - Mona Lisas And Mad Hatters"
01/06/2022 05:14:02,DEBUG,SpotifyToolsLib.Spotify.SpotifyAdapter,[299/726] Song added,"Elton John - Blue Eyes"
01/06/2022 05:14:02,DEBUG,SpotifyToolsLib.Spotify.SpotifyAdapter,[300/726] Song added,"Elton John - Can You Feel The Love Tonight"
01/06/2022 05:14:03,DEBUG,SpotifyToolsLib.Spotify.SpotifyAdapter,[301/726] Song added,"Elton John - Blessed"
01/06/2022 05:14:03,DEBUG,SpotifyToolsLib.Spotify.SpotifyAdapter,[302/726] Song added,"Elton John - Tiny Dancer"
01/06/2022 05:14:03,DEBUG,SpotifyToolsLib.Spotify.SpotifyAdapter,[303/726] Song added,"Elton John - Levon"
01/06/2022 05:14:03,DEBUG,SpotifyToolsLib.Spotify.SpotifyAdapter,[304/726] Song added,"Elton John - Whispers"
01/06/2022 05:14:03,INFO,SpotifyToolsLib.Spotify.SpotifyAdapter,[305/726] Song not found,"Elton John - I'm Still Standing"
01/06/2022 05:14:04,DEBUG,SpotifyToolsLib.Spotify.SpotifyAdapter,[306/726] Song added,"Elton John - Burn Down The Mission"
01/06/2022 05:14:04,INFO,SpotifyToolsLib.Spotify.SpotifyAdapter,[307/726] Song not found,"Elvis Costello - "(What's So Funny 'bout) Peace, Love & Understanding [Nick Lowe]""
01/06/2022 05:14:04,INFO,SpotifyToolsLib.Spotify.SpotifyAdapter,[308/726] Song not found,"Elvis Costello - Pump It Up"
01/06/2022 05:14:04,DEBUG,SpotifyToolsLib.Spotify.SpotifyAdapter,[309/726] Song added,"Elvis Costello - Veronica"
01/06/2022 05:14:04,INFO,SpotifyToolsLib.Spotify.SpotifyAdapter,[310/726] Song not found,"Elvis Costello - Girls Talk"
01/06/2022 05:14:05,DEBUG,SpotifyToolsLib.Spotify.SpotifyAdapter,[311/726] Song added,"Eminem - Space Bound"
01/06/2022 05:14:05,DEBUG,SpotifyToolsLib.Spotify.SpotifyAdapter,[312/726] Song added,"Eminem - Lose Yourself"
01/06/2022 05:14:05,DEBUG,SpotifyToolsLib.Spotify.SpotifyAdapter,[313/726] Song added,"Erasure - Sometimes"
01/06/2022 05:14:05,DEBUG,SpotifyToolsLib.Spotify.SpotifyAdapter,[314/726] Song added,"Erasure - A Little Respect"
01/06/2022 05:14:05,DEBUG,SpotifyToolsLib.Spotify.SpotifyAdapter,[315/726] Song added,"Eric Clapton - Tears In Heaven"
01/06/2022 05:14:06,DEBUG,SpotifyToolsLib.Spotify.SpotifyAdapter,[316/726] Song added,"Eric Clapton - Wonderful Tonight"
01/06/2022 05:14:06,DEBUG,SpotifyToolsLib.Spotify.SpotifyAdapter,[317/726] Song added,"Eric Clapton - May You Never [John Martyn]"
01/06/2022 05:14:06,DEBUG,SpotifyToolsLib.Spotify.SpotifyAdapter,[318/726] Song added,"Eric Johnson - Cliffs Of Dover"
01/06/2022 05:14:06,DEBUG,SpotifyToolsLib.Spotify.SpotifyAdapter,[319/726] Song added,"Etta James - At Last"
01/06/2022 05:14:07,INFO,SpotifyToolsLib.Spotify.SpotifyAdapter,[320/726] Song not found,"Eurythmics - Sweet Dreams"
01/06/2022 05:14:07,INFO,SpotifyToolsLib.Spotify.SpotifyAdapter,[321/726] Song not found,"Eurythmics - Here Comes The Rain Again"
01/06/2022 05:14:07,DEBUG,SpotifyToolsLib.Spotify.SpotifyAdapter,[322/726] Song added,"Fastball - The Way"
01/06/2022 05:14:07,DEBUG,SpotifyToolsLib.Spotify.SpotifyAdapter,[323/726] Song added,"Fastball - Fire Escape"
01/06/2022 05:14:07,DEBUG,SpotifyToolsLib.Spotify.SpotifyAdapter,[324/726] Song added,"Fastball - Out Of My Head"
01/06/2022 05:14:07,DEBUG,SpotifyToolsLib.Spotify.SpotifyAdapter,[325/726] Song added,"Fastball - All I Was Looking For Was You"
01/06/2022 05:14:08,INFO,SpotifyToolsLib.Spotify.SpotifyAdapter,[326/726] Song not found,"FGTH - Relax"
01/06/2022 05:14:08,INFO,SpotifyToolsLib.Spotify.SpotifyAdapter,[327/726] Song not found,"FGTH - Two Tribes"
01/06/2022 05:14:08,INFO,SpotifyToolsLib.Spotify.SpotifyAdapter,[328/726] Song not found,"FGTH - The Power Of Love"
01/06/2022 05:14:08,DEBUG,SpotifyToolsLib.Spotify.SpotifyAdapter,[329/726] Song added,"Fire Inc. - Nowhere Fast"
01/06/2022 05:14:08,DEBUG,SpotifyToolsLib.Spotify.SpotifyAdapter,[330/726] Song added,"Fire Inc. - Tonight Is What It Means To Be Young"
01/06/2022 05:14:08,DEBUG,SpotifyToolsLib.Spotify.SpotifyAdapter,[331/726] Song added,"Five Man Electrical Band - Signs"
01/06/2022 05:14:09,DEBUG,SpotifyToolsLib.Spotify.SpotifyAdapter,[332/726] Song added,"Fleetwood Mac - Go Your Own Way"
01/06/2022 05:14:09,DEBUG,SpotifyToolsLib.Spotify.SpotifyAdapter,[333/726] Song added,"Fleetwood Mac - Rhiannon"
01/06/2022 05:14:09,DEBUG,SpotifyToolsLib.Spotify.SpotifyAdapter,[334/726] Song added,"Fleetwood Mac - Landslide"
01/06/2022 05:14:09,INFO,SpotifyToolsLib.Spotify.SpotifyAdapter,[335/726] Song not found,"Fleetwood Mac - The Chain"
01/06/2022 05:14:10,DEBUG,SpotifyToolsLib.Spotify.SpotifyAdapter,[336/726] Song added,"Foghat - Slow Ride"
01/06/2022 05:14:10,DEBUG,SpotifyToolsLib.Spotify.SpotifyAdapter,[337/726] Song added,"Foreigner - I Want To Know What Love Is"
01/06/2022 05:14:10,INFO,SpotifyToolsLib.Spotify.SpotifyAdapter,[338/726] Song not found,"Frank & Nancy Sinatra - Something Stupid"
01/06/2022 05:14:10,DEBUG,SpotifyToolsLib.Spotify.SpotifyAdapter,[339/726] Song added,"Freddie Mercury - Barcelona"
01/06/2022 05:14:10,DEBUG,SpotifyToolsLib.Spotify.SpotifyAdapter,[340/726] Song added,"Freddie Mercury - Living On My Own"
01/06/2022 05:14:11,DEBUG,SpotifyToolsLib.Spotify.SpotifyAdapter,[341/726] Song added,"Garbage - Push It"
01/06/2022 05:14:11,INFO,SpotifyToolsLib.Spotify.SpotifyAdapter,[342/726] Song not found,"Gary Brooker - Mineral Man"
01/06/2022 05:14:11,DEBUG,SpotifyToolsLib.Spotify.SpotifyAdapter,[343/726] Song added,"Gary Moore - Out In The Fields"
01/06/2022 05:14:11,DEBUG,SpotifyToolsLib.Spotify.SpotifyAdapter,[344/726] Song added,"Gary Moore - Moving On"
01/06/2022 05:14:11,DEBUG,SpotifyToolsLib.Spotify.SpotifyAdapter,[345/726] Song added,"Gary Moore - Still Got The Blues"
01/06/2022 05:14:12,DEBUG,SpotifyToolsLib.Spotify.SpotifyAdapter,[346/726] Song added,"Gary Moore - Over The Hills And Far Away"
01/06/2022 05:14:12,DEBUG,SpotifyToolsLib.Spotify.SpotifyAdapter,[347/726] Song added,"Gary Moore - The Loner"
01/06/2022 05:14:12,DEBUG,SpotifyToolsLib.Spotify.SpotifyAdapter,[348/726] Song added,"Genesis - Abacab"
01/06/2022 05:14:12,DEBUG,SpotifyToolsLib.Spotify.SpotifyAdapter,[349/726] Song added,"Genesis - Calling All Stations"
01/06/2022 05:14:12,DEBUG,SpotifyToolsLib.Spotify.SpotifyAdapter,[350/726] Song added,"Genesis - Congo"
01/06/2022 05:14:13,DEBUG,SpotifyToolsLib.Spotify.SpotifyAdapter,[351/726] Song added,"Genesis - Turn It On Again"
01/06/2022 05:14:13,DEBUG,SpotifyToolsLib.Spotify.SpotifyAdapter,[352/726] Song added,"Genesis - Mama"
01/06/2022 05:14:13,DEBUG,SpotifyToolsLib.Spotify.SpotifyAdapter,[353/726] Song added,"Genesis - That's All"
01/06/2022 05:14:13,DEBUG,SpotifyToolsLib.Spotify.SpotifyAdapter,[354/726] Song added,"Genesis - Land Of Confusion"
01/06/2022 05:14:13,INFO,SpotifyToolsLib.Spotify.SpotifyAdapter,[355/726] Song not found,"Genesis - The Lamb Lies Down On Broadway"
01/06/2022 05:14:14,DEBUG,SpotifyToolsLib.Spotify.SpotifyAdapter,[356/726] Song added,"George Harrison - My Sweet Lord"
01/06/2022 05:14:14,INFO,SpotifyToolsLib.Spotify.SpotifyAdapter,[357/726] Song not found,"George Harrison - Beware Of Darkness"
01/06/2022 05:14:14,INFO,SpotifyToolsLib.Spotify.SpotifyAdapter,[358/726] Song not found,"George Harrison - All Things Must Pass"
01/06/2022 05:14:14,INFO,SpotifyToolsLib.Spotify.SpotifyAdapter,[359/726] Song not found,"George Harrison - Got My Mind Set On You [Rudy Clark]"
01/06/2022 05:14:15,DEBUG,SpotifyToolsLib.Spotify.SpotifyAdapter,[360/726] Song added,"George Harrison - Give Me Love (Give Me Peace On Earth)"
01/06/2022 05:14:15,DEBUG,SpotifyToolsLib.Spotify.SpotifyAdapter,[361/726] Song added,"Gilby Clarke - Dead Flowers [The Rolling Stones]"
01/06/2022 05:14:15,INFO,SpotifyToolsLib.Spotify.SpotifyAdapter,[362/726] Song not found,"Gladys Knight And The Pips - Midnight Train To Georgia"
01/06/2022 05:14:15,DEBUG,SpotifyToolsLib.Spotify.SpotifyAdapter,[363/726] Song added,"Glenn Miller - Chattanooga Choo Choo"
01/06/2022 05:14:15,INFO,SpotifyToolsLib.Spotify.SpotifyAdapter,[364/726] Song not found,"Glenn Miller - Sing Sing Sing"
01/06/2022 05:14:16,INFO,SpotifyToolsLib.Spotify.SpotifyAdapter,[365/726] Song not found,"Glenn Miller - Take The A-Train [Billy Strayhorn for Duke Ellington]"
01/06/2022 05:14:16,DEBUG,SpotifyToolsLib.Spotify.SpotifyAdapter,[366/726] Song added,"Gloria Gaynor - I Will Survive"
01/06/2022 05:14:16,INFO,SpotifyToolsLib.Spotify.SpotifyAdapter,[367/726] Song not found,"Gloria Jones - Tainted Love (Orig. Version)"
01/06/2022 05:14:16,DEBUG,SpotifyToolsLib.Spotify.SpotifyAdapter,[368/726] Song added,"Golden Earring - Radar Love"
01/06/2022 05:14:16,DEBUG,SpotifyToolsLib.Spotify.SpotifyAdapter,[369/726] Song added,"Golden Earring - Twilight Zone"
01/06/2022 05:14:17,DEBUG,SpotifyToolsLib.Spotify.SpotifyAdapter,[370/726] Song added,"Green Day - Welcome To Paradise"
01/06/2022 05:14:17,DEBUG,SpotifyToolsLib.Spotify.SpotifyAdapter,[371/726] Song added,"Green Day - Restless Heart Syndrome"
01/06/2022 05:14:17,DEBUG,SpotifyToolsLib.Spotify.SpotifyAdapter,[372/726] Song added,"Greg Kihn Band - Jeopardy"
01/06/2022 05:14:17,DEBUG,SpotifyToolsLib.Spotify.SpotifyAdapter,[373/726] Song added,"The Guess Who - Undun"
01/06/2022 05:14:17,DEBUG,SpotifyToolsLib.Spotify.SpotifyAdapter,[374/726] Song added,"The Guess Who - American Woman"
01/06/2022 05:14:18,DEBUG,SpotifyToolsLib.Spotify.SpotifyAdapter,[375/726] Song added,"Guster - Satellite"
01/06/2022 05:14:18,DEBUG,SpotifyToolsLib.Spotify.SpotifyAdapter,[376/726] Song added,"Guster - The New Underground"
01/06/2022 05:14:18,INFO,SpotifyToolsLib.Spotify.SpotifyAdapter,[377/726] Song not found,"Gwen Stefani - What You Waiting for"
01/06/2022 05:14:18,DEBUG,SpotifyToolsLib.Spotify.SpotifyAdapter,[378/726] Song added,"Gwen Stefani - The Sweet Escape"
01/06/2022 05:14:18,INFO,SpotifyToolsLib.Spotify.SpotifyAdapter,[379/726] Song not found,"Haddaway - What Is Love"
01/06/2022 05:14:18,INFO,SpotifyToolsLib.Spotify.SpotifyAdapter,[380/726] Song not found,"Hard-Fi - Television"
01/06/2022 05:14:19,DEBUG,SpotifyToolsLib.Spotify.SpotifyAdapter,[381/726] Song added,"Harry Nilsson - Without You"
01/06/2022 05:14:19,DEBUG,SpotifyToolsLib.Spotify.SpotifyAdapter,[382/726] Song added,"Heart - Straight On"
01/06/2022 05:14:19,DEBUG,SpotifyToolsLib.Spotify.SpotifyAdapter,[383/726] Song added,"Henry Gross - Shannon"
01/06/2022 05:14:19,DEBUG,SpotifyToolsLib.Spotify.SpotifyAdapter,[384/726] Song added,"The Highwaymen - Highwayman"
01/06/2022 05:14:19,DEBUG,SpotifyToolsLib.Spotify.SpotifyAdapter,[385/726] Song added,"The Hollies - Stop Right There"
01/06/2022 05:14:20,DEBUG,SpotifyToolsLib.Spotify.SpotifyAdapter,[386/726] Song added,"The Hollies - Bus Stop"
01/06/2022 05:14:20,DEBUG,SpotifyToolsLib.Spotify.SpotifyAdapter,[387/726] Song added,"Hot Chocolate - Brother Louie"
01/06/2022 05:14:20,DEBUG,SpotifyToolsLib.Spotify.SpotifyAdapter,[388/726] Song added,"Huey Lewis & The News - Jacob's Ladder"
01/06/2022 05:14:20,DEBUG,SpotifyToolsLib.Spotify.SpotifyAdapter,[389/726] Song added,"Huey Lewis & The News - I Never Walk Alone"
01/06/2022 05:14:20,DEBUG,SpotifyToolsLib.Spotify.SpotifyAdapter,[390/726] Song added,"Huey Lewis & The News - Time Ain't Money"
01/06/2022 05:14:20,DEBUG,SpotifyToolsLib.Spotify.SpotifyAdapter,[391/726] Song added,"Huey Lewis & The News - The Heart Of Rock & Roll"
01/06/2022 05:14:21,DEBUG,SpotifyToolsLib.Spotify.SpotifyAdapter,[392/726] Song added,"Huey Lewis & The News - Walking On A Thin Line"
01/06/2022 05:14:21,DEBUG,SpotifyToolsLib.Spotify.SpotifyAdapter,[393/726] Song added,"Huey Lewis & The News - If This Is It"
01/06/2022 05:14:21,DEBUG,SpotifyToolsLib.Spotify.SpotifyAdapter,[394/726] Song added,"Huey Lewis & The News - Honky Tonk Blues [Hank Williams]"
01/06/2022 05:14:21,DEBUG,SpotifyToolsLib.Spotify.SpotifyAdapter,[395/726] Song added,"Ides Of March - Vehicle"
01/06/2022 05:14:22,DEBUG,SpotifyToolsLib.Spotify.SpotifyAdapter,[396/726] Song added,"Indigo Girls - Closer To Fine"
01/06/2022 05:14:22,DEBUG,SpotifyToolsLib.Spotify.SpotifyAdapter,[397/726] Song added,"Irene Cara - Flashdance... What A Feeling"
01/06/2022 05:14:22,DEBUG,SpotifyToolsLib.Spotify.SpotifyAdapter,[398/726] Song added,"James Blunt - Superstar"
01/06/2022 05:14:22,INFO,SpotifyToolsLib.Spotify.SpotifyAdapter,[399/726] Song not found,"James Morrison - Broken Strings (ft. Nelly Furtado)"
01/06/2022 05:14:22,DEBUG,SpotifyToolsLib.Spotify.SpotifyAdapter,[400/726] Song added,"James Morrison - Nothing Ever Hurt Like You"
01/06/2022 05:14:23,DEBUG,SpotifyToolsLib.Spotify.SpotifyAdapter,[401/726] Song added,"Janis Joplin - Kozmic Blues"
01/06/2022 05:14:23,DEBUG,SpotifyToolsLib.Spotify.SpotifyAdapter,[402/726] Song added,"Janis Joplin - Move Over"
01/06/2022 05:14:24,DEBUG,SpotifyToolsLib.Spotify.SpotifyAdapter,[403/726] Song added,"Jason & The Scorchers - Absolutely Sweet Marie [Bob Dylan]"
01/06/2022 05:14:24,DEBUG,SpotifyToolsLib.Spotify.SpotifyAdapter,[404/726] Song added,"Jeff Healey Band - Full Circle"
01/06/2022 05:14:24,DEBUG,SpotifyToolsLib.Spotify.SpotifyAdapter,[405/726] Song added,"Jefferson Airplane - Somebody To Love"
01/06/2022 05:14:24,DEBUG,SpotifyToolsLib.Spotify.SpotifyAdapter,[406/726] Song added,"Jefferson Airplane - White Rabbit"
01/06/2022 05:14:25,DEBUG,SpotifyToolsLib.Spotify.SpotifyAdapter,[407/726] Song added,"Jet - Come Around Again"
01/06/2022 05:14:25,DEBUG,SpotifyToolsLib.Spotify.SpotifyAdapter,[408/726] Song added,"Jethro Tull - Locomotive Breath"
01/06/2022 05:14:25,DEBUG,SpotifyToolsLib.Spotify.SpotifyAdapter,[409/726] Song added,"Jimi Hendrix - Fire"
01/06/2022 05:14:25,DEBUG,SpotifyToolsLib.Spotify.SpotifyAdapter,[410/726] Song added,"Jimi Hendrix - Purple Haze"
01/06/2022 05:14:25,DEBUG,SpotifyToolsLib.Spotify.SpotifyAdapter,[411/726] Song added,"Jimi Hendrix - 51st Anniversary"
01/06/2022 05:14:26,DEBUG,SpotifyToolsLib.Spotify.SpotifyAdapter,[412/726] Song added,"Jimi Hendrix - Little Wing"
01/06/2022 05:14:26,DEBUG,SpotifyToolsLib.Spotify.SpotifyAdapter,[413/726] Song added,"Joe Bonamassa - Blue And Evil"
01/06/2022 05:14:26,DEBUG,SpotifyToolsLib.Spotify.SpotifyAdapter,[414/726] Song added,"Joe Bonamassa - Heavenly Soul"
01/06/2022 05:14:26,DEBUG,SpotifyToolsLib.Spotify.SpotifyAdapter,[415/726] Song added,"Joe Cocker - When The Night Comes"
01/06/2022 05:14:26,DEBUG,SpotifyToolsLib.Spotify.SpotifyAdapter,[416/726] Song added,"Joe Satriani - Summer Song"
01/06/2022 05:14:26,DEBUG,SpotifyToolsLib.Spotify.SpotifyAdapter,[417/726] Song added,"John Fogerty - Walking In A Hurricane"
01/06/2022 05:14:27,DEBUG,SpotifyToolsLib.Spotify.SpotifyAdapter,[418/726] Song added,"John Fogerty - Rockin' All Over The World"
01/06/2022 05:14:27,INFO,SpotifyToolsLib.Spotify.SpotifyAdapter,[419/726] Song not found,"John Lennon - Jealous Guy"
01/06/2022 05:14:27,DEBUG,SpotifyToolsLib.Spotify.SpotifyAdapter,[420/726] Song added,"John Lennon - Happy Xmas (War Is Over)"
01/06/2022 05:14:27,INFO,SpotifyToolsLib.Spotify.SpotifyAdapter,[421/726] Song not found,"John Lennon - Woman"
01/06/2022 05:14:27,DEBUG,SpotifyToolsLib.Spotify.SpotifyAdapter,[422/726] Song added,"John Mellencamp - Crumblin' Down"
01/06/2022 05:14:28,DEBUG,SpotifyToolsLib.Spotify.SpotifyAdapter,[423/726] Song added,"John Miles - Music"
01/06/2022 05:14:28,INFO,SpotifyToolsLib.Spotify.SpotifyAdapter,[424/726] Song not found,"Johnathan Tyler & The Northern Lights - Young & Free"
01/06/2022 05:14:28,DEBUG,SpotifyToolsLib.Spotify.SpotifyAdapter,[425/726] Song added,"Johnny Kidd & The Pirates - Please Don't Touch"
01/06/2022 05:14:28,INFO,SpotifyToolsLib.Spotify.SpotifyAdapter,[426/726] Song not found,"Johnny Thunders & The Heartbreakers - Born To Loose"
01/06/2022 05:14:29,DEBUG,SpotifyToolsLib.Spotify.SpotifyAdapter,[427/726] Song added,"Julie London - Cry Me A River"
01/06/2022 05:14:29,DEBUG,SpotifyToolsLib.Spotify.SpotifyAdapter,[428/726] Song added,"Kajagoogoo - Too Shy"
01/06/2022 05:14:29,DEBUG,SpotifyToolsLib.Spotify.SpotifyAdapter,[429/726] Song added,"Kansas - Dust In The Wind"
01/06/2022 05:14:29,DEBUG,SpotifyToolsLib.Spotify.SpotifyAdapter,[430/726] Song added,"Kate Bush - Wuthering Heights"
01/06/2022 05:14:30,DEBUG,SpotifyToolsLib.Spotify.SpotifyAdapter,[431/726] Song added,"Kate Bush - Babooshka"
01/06/2022 05:14:30,DEBUG,SpotifyToolsLib.Spotify.SpotifyAdapter,[432/726] Song added,"Keane - Somewhere Only We Know"
01/06/2022 05:14:30,DEBUG,SpotifyToolsLib.Spotify.SpotifyAdapter,[433/726] Song added,"Keane - Bedshaped"
01/06/2022 05:14:30,DEBUG,SpotifyToolsLib.Spotify.SpotifyAdapter,[434/726] Song added,"Keane - Again & Again"
01/06/2022 05:14:30,DEBUG,SpotifyToolsLib.Spotify.SpotifyAdapter,[435/726] Song added,"Kenny Loggins - Footloose"
01/06/2022 05:14:31,DEBUG,SpotifyToolsLib.Spotify.SpotifyAdapter,[436/726] Song added,"Kid Creole And The Coconuts - My Male Curiosity"
01/06/2022 05:14:31,DEBUG,SpotifyToolsLib.Spotify.SpotifyAdapter,[437/726] Song added,"The Killers - Somebody Told Me"
01/06/2022 05:14:31,INFO,SpotifyToolsLib.Spotify.SpotifyAdapter,[438/726] Song not found,"Kim Carnes - Betty Davis Eyes"
01/06/2022 05:14:31,DEBUG,SpotifyToolsLib.Spotify.SpotifyAdapter,[439/726] Song added,"The Knack - My Sharona"
01/06/2022 05:14:31,INFO,SpotifyToolsLib.Spotify.SpotifyAdapter,[440/726] Song not found,"Kylie Minogue - Can't Get You Out Of My Head"
01/06/2022 05:14:31,INFO,SpotifyToolsLib.Spotify.SpotifyAdapter,[441/726] Song not found,"Lady Gaga & Bradley Cooper - Shallow"
01/06/2022 05:14:32,DEBUG,SpotifyToolsLib.Spotify.SpotifyAdapter,[442/726] Song added,"Ladyhawke - Paris Is Burning"
01/06/2022 05:14:32,DEBUG,SpotifyToolsLib.Spotify.SpotifyAdapter,[443/726] Song added,"The Last Shadow Puppets - The Age Of The Understatement"
01/06/2022 05:14:32,DEBUG,SpotifyToolsLib.Spotify.SpotifyAdapter,[444/726] Song added,"The Last Shadow Puppets - Standing Next To Me"
01/06/2022 05:14:32,DEBUG,SpotifyToolsLib.Spotify.SpotifyAdapter,[445/726] Song added,"The Last Shadow Puppets - Calm Like You"
01/06/2022 05:14:32,INFO,SpotifyToolsLib.Spotify.SpotifyAdapter,[446/726] Song not found,"The Last Shadow Puppets - Meeting Place"
01/06/2022 05:14:32,DEBUG,SpotifyToolsLib.Spotify.SpotifyAdapter,[447/726] Song added,"Laura Pausini - Se non te"
01/06/2022 05:14:32,INFO,SpotifyToolsLib.Spotify.SpotifyAdapter,[448/726] Song not found,"Led Zeppelin - Babe I'm Gonna Leave You"
01/06/2022 05:14:33,INFO,SpotifyToolsLib.Spotify.SpotifyAdapter,[449/726] Song not found,"Led Zeppelin - Thank You"
01/06/2022 05:14:33,INFO,SpotifyToolsLib.Spotify.SpotifyAdapter,[450/726] Song not found,"Led Zeppelin - Immigrant Song"
01/06/2022 05:14:33,INFO,SpotifyToolsLib.Spotify.SpotifyAdapter,[451/726] Song not found,"Led Zeppelin - Tangerine"
01/06/2022 05:14:34,INFO,SpotifyToolsLib.Spotify.SpotifyAdapter,[452/726] Song not found,"Led Zeppelin - Rock And Roll"
01/06/2022 05:14:34,INFO,SpotifyToolsLib.Spotify.SpotifyAdapter,[453/726] Song not found,"Led Zeppelin - Stairway To Heaven"
01/06/2022 05:14:34,INFO,SpotifyToolsLib.Spotify.SpotifyAdapter,[454/726] Song not found,"Led Zeppelin - Going To California"
01/06/2022 05:14:34,INFO,SpotifyToolsLib.Spotify.SpotifyAdapter,[455/726] Song not found,"Led Zeppelin - Kashmir"
01/06/2022 05:14:34,DEBUG,SpotifyToolsLib.Spotify.SpotifyAdapter,[456/726] Song added,"Lenny Kravitz - Are You Gonna Go My Way"
01/06/2022 05:14:35,INFO,SpotifyToolsLib.Spotify.SpotifyAdapter,[457/726] Song not found,"Lenny Kravitz - Mr.Cab Driver"
01/06/2022 05:14:35,DEBUG,SpotifyToolsLib.Spotify.SpotifyAdapter,[458/726] Song added,"Lionel Richie - All Night Long"
01/06/2022 05:14:35,INFO,SpotifyToolsLib.Spotify.SpotifyAdapter,[459/726] Song not found,""Lipps, Inc." - Funky Town"
01/06/2022 05:14:35,INFO,SpotifyToolsLib.Spotify.SpotifyAdapter,[460/726] Song not found,"Louis Armstrong - On The Sunny Side Of Street"
01/06/2022 05:14:35,DEBUG,SpotifyToolsLib.Spotify.SpotifyAdapter,[461/726] Song added,"Madness - Baggy Trousers"
01/06/2022 05:14:36,INFO,SpotifyToolsLib.Spotify.SpotifyAdapter,[462/726] Song not found,"Madness - One Step Beyond..."
01/06/2022 05:14:36,INFO,SpotifyToolsLib.Spotify.SpotifyAdapter,[463/726] Song not found,"Madness - Sign Of The Times"
01/06/2022 05:14:36,DEBUG,SpotifyToolsLib.Spotify.SpotifyAdapter,[464/726] Song added,"Madonna - Borderline"
01/06/2022 05:14:36,DEBUG,SpotifyToolsLib.Spotify.SpotifyAdapter,[465/726] Song added,"Madonna - Pray For Spanish Eyes"
01/06/2022 05:14:36,INFO,SpotifyToolsLib.Spotify.SpotifyAdapter,[466/726] Song not found,"Magic System - Magic in the Air (Magic System Song)"
01/06/2022 05:14:36,DEBUG,SpotifyToolsLib.Spotify.SpotifyAdapter,[467/726] Song added,"The Mamas & The Papas - California Dreamin'"
01/06/2022 05:14:37,DEBUG,SpotifyToolsLib.Spotify.SpotifyAdapter,[468/726] Song added,"The Mamas & The Papas - Dream A Little Dream Of Me"
01/06/2022 05:14:37,INFO,SpotifyToolsLib.Spotify.SpotifyAdapter,[469/726] Song not found,"Manic Street Preachers - Suicide Is Painless [from ''MASH'']"
01/06/2022 05:14:37,DEBUG,SpotifyToolsLib.Spotify.SpotifyAdapter,[470/726] Song added,"Marillion - Assassing"
01/06/2022 05:14:37,DEBUG,SpotifyToolsLib.Spotify.SpotifyAdapter,[471/726] Song added,"Marillion - Kayleigh"
01/06/2022 05:14:38,DEBUG,SpotifyToolsLib.Spotify.SpotifyAdapter,[472/726] Song added,"Marvin Gaye - I Heard It Through The Grapevine [Gladys Knight & The Pips]"
01/06/2022 05:14:38,DEBUG,SpotifyToolsLib.Spotify.SpotifyAdapter,[473/726] Song added,"Mason Williams - Classical Gas"
01/06/2022 05:14:38,INFO,SpotifyToolsLib.Spotify.SpotifyAdapter,[474/726] Song not found,"Matt Bianco - Whose Side Are You On ?"
01/06/2022 05:14:38,DEBUG,SpotifyToolsLib.Spotify.SpotifyAdapter,[475/726] Song added,"Matt Bianco - Sneaking Out The Back Door"
01/06/2022 05:14:38,DEBUG,SpotifyToolsLib.Spotify.SpotifyAdapter,[476/726] Song added,"Mecano - Hijo De La Luna"
01/06/2022 05:14:39,DEBUG,SpotifyToolsLib.Spotify.SpotifyAdapter,[477/726] Song added,"Melissa Etheridge - Bring Me Some Water"
01/06/2022 05:14:39,INFO,SpotifyToolsLib.Spotify.SpotifyAdapter,[478/726] Song not found,"Men At Work - Who Can It Be Now"
01/06/2022 05:14:39,DEBUG,SpotifyToolsLib.Spotify.SpotifyAdapter,[479/726] Song added,"Men At Work - Overkill"
01/06/2022 05:14:39,DEBUG,SpotifyToolsLib.Spotify.SpotifyAdapter,[480/726] Song added,"Michael Jackson - Thriller"
01/06/2022 05:14:40,DEBUG,SpotifyToolsLib.Spotify.SpotifyAdapter,[481/726] Song added,"Michael Jackson - Beat It"
01/06/2022 05:14:40,DEBUG,SpotifyToolsLib.Spotify.SpotifyAdapter,[482/726] Song added,"Michael Jackson - Billie Jean"
01/06/2022 05:14:40,DEBUG,SpotifyToolsLib.Spotify.SpotifyAdapter,[483/726] Song added,"Michael Sembello - Maniac"
01/06/2022 05:14:40,DEBUG,SpotifyToolsLib.Spotify.SpotifyAdapter,[484/726] Song added,"Mick Jagger - God Gave Me Everything"
01/06/2022 05:14:40,INFO,SpotifyToolsLib.Spotify.SpotifyAdapter,[485/726] Song not found,"Midnight Oil - Beds Are Burning"
01/06/2022 05:14:41,DEBUG,SpotifyToolsLib.Spotify.SpotifyAdapter,[486/726] Song added,"Mike Oldfield - Moonlight Shadow"
01/06/2022 05:14:41,DEBUG,SpotifyToolsLib.Spotify.SpotifyAdapter,[487/726] Song added,"Moby - Natural Blues [Traditional]"
01/06/2022 05:14:41,INFO,SpotifyToolsLib.Spotify.SpotifyAdapter,[488/726] Song not found,"Molly Hatchet - Been To Heaven Been To Hell"
01/06/2022 05:14:41,INFO,SpotifyToolsLib.Spotify.SpotifyAdapter,[489/726] Song not found,"The Monkees - (I'm Not Your) Steppin' Stone"
01/06/2022 05:14:41,DEBUG,SpotifyToolsLib.Spotify.SpotifyAdapter,[490/726] Song added,"The Moody Blues - The Story In Your Eyes"
01/06/2022 05:14:42,DEBUG,SpotifyToolsLib.Spotify.SpotifyAdapter,[491/726] Song added,"Mott The Hoople - All The Young Dudes"
01/06/2022 05:14:42,INFO,SpotifyToolsLib.Spotify.SpotifyAdapter,[492/726] Song not found,"The Move - Blackberry Way"
01/06/2022 05:14:42,DEBUG,SpotifyToolsLib.Spotify.SpotifyAdapter,[493/726] Song added,"Nat King Cole - Unforgettable"
01/06/2022 05:14:42,DEBUG,SpotifyToolsLib.Spotify.SpotifyAdapter,[494/726] Song added,"Neil Diamond - Girl, You'll Be A Woman Soon"
01/06/2022 05:14:43,DEBUG,SpotifyToolsLib.Spotify.SpotifyAdapter,[495/726] Song added,"Neil Diamond - September Morn"
01/06/2022 05:14:43,DEBUG,SpotifyToolsLib.Spotify.SpotifyAdapter,[496/726] Song added,"Neil Young - Southern Man"
01/06/2022 05:14:43,DEBUG,SpotifyToolsLib.Spotify.SpotifyAdapter,[497/726] Song added,"Neil Young - Rockin' In The Free World"
01/06/2022 05:14:43,INFO,SpotifyToolsLib.Spotify.SpotifyAdapter,[498/726] Song not found,"Neil Young - "My My, Hey Hey (Out Of The Blue)""
01/06/2022 05:14:43,DEBUG,SpotifyToolsLib.Spotify.SpotifyAdapter,[499/726] Song added,"Neil Young - Computer Age"
01/06/2022 05:14:43,DEBUG,SpotifyToolsLib.Spotify.SpotifyAdapter,[500/726] Song added,"Nena - 99 Luftballons"
01/06/2022 05:14:44,INFO,SpotifyToolsLib.Spotify.SpotifyAdapter,[501/726] Song not found,"Nina Simone - Don't Let Me Be Misunderstood"
01/06/2022 05:14:44,DEBUG,SpotifyToolsLib.Spotify.SpotifyAdapter,[502/726] Song added,"Nina Simone - My Baby Just Cares For Me"
01/06/2022 05:14:44,DEBUG,SpotifyToolsLib.Spotify.SpotifyAdapter,[503/726] Song added,"No Doubt - Just A Girl"
01/06/2022 05:14:44,INFO,SpotifyToolsLib.Spotify.SpotifyAdapter,[504/726] Song not found,"No Doubt - Don't Speak"
01/06/2022 05:14:45,DEBUG,SpotifyToolsLib.Spotify.SpotifyAdapter,[505/726] Song added,"Oasis - I Hope, I Think, I Know"
01/06/2022 05:14:45,DEBUG,SpotifyToolsLib.Spotify.SpotifyAdapter,[506/726] Song added,"Oasis - Champagne Supernova"
01/06/2022 05:14:45,DEBUG,SpotifyToolsLib.Spotify.SpotifyAdapter,[507/726] Song added,"Oasis - Wonderwall"
01/06/2022 05:14:45,DEBUG,SpotifyToolsLib.Spotify.SpotifyAdapter,[508/726] Song added,"The Offspring - Pretty Fly (For A White Guy)"
01/06/2022 05:14:45,DEBUG,SpotifyToolsLib.Spotify.SpotifyAdapter,[509/726] Song added,"The Offspring - Mota"
01/06/2022 05:14:45,INFO,SpotifyToolsLib.Spotify.SpotifyAdapter,[510/726] Song not found,"O'Jays - Love Train"
01/06/2022 05:14:46,DEBUG,SpotifyToolsLib.Spotify.SpotifyAdapter,[511/726] Song added,"Olivia Newton-John - Twist Of Fate"
01/06/2022 05:14:46,DEBUG,SpotifyToolsLib.Spotify.SpotifyAdapter,[512/726] Song added,"Orianthi - Think Like A Man"
01/06/2022 05:14:46,DEBUG,SpotifyToolsLib.Spotify.SpotifyAdapter,[513/726] Song added,"Orleans - Still The One"
01/06/2022 05:14:46,INFO,SpotifyToolsLib.Spotify.SpotifyAdapter,[514/726] Song not found,"OST - As Time Goes By"
01/06/2022 05:14:46,INFO,SpotifyToolsLib.Spotify.SpotifyAdapter,[515/726] Song not found,"OST - Summertime"
01/06/2022 05:14:47,DEBUG,SpotifyToolsLib.Spotify.SpotifyAdapter,[516/726] Song added,"Otis Redding - I Can't Turn You Loose"
01/06/2022 05:14:47,DEBUG,SpotifyToolsLib.Spotify.SpotifyAdapter,[517/726] Song added,"Otis Redding - Try A Little Tenderness"
01/06/2022 05:14:47,DEBUG,SpotifyToolsLib.Spotify.SpotifyAdapter,[518/726] Song added,"Pat Benatar - Hell Is For Children"
01/06/2022 05:14:47,DEBUG,SpotifyToolsLib.Spotify.SpotifyAdapter,[519/726] Song added,"Patrick Hernandez - Born To Be Alive"
01/06/2022 05:14:47,DEBUG,SpotifyToolsLib.Spotify.SpotifyAdapter,[520/726] Song added,"Patti Smith - Because The Night"
01/06/2022 05:14:48,INFO,SpotifyToolsLib.Spotify.SpotifyAdapter,[521/726] Song not found,"Paul McCartney - Put It There"
01/06/2022 05:14:48,DEBUG,SpotifyToolsLib.Spotify.SpotifyAdapter,[522/726] Song added,"Paul McCartney - Junk"
01/06/2022 05:14:48,DEBUG,SpotifyToolsLib.Spotify.SpotifyAdapter,[523/726] Song added,"Paul McCartney - Ebony And Ivory"
01/06/2022 05:14:48,DEBUG,SpotifyToolsLib.Spotify.SpotifyAdapter,[524/726] Song added,"Paul Simon - Rene And Georgette Magritte With Their Dog After The War"
01/06/2022 05:14:49,DEBUG,SpotifyToolsLib.Spotify.SpotifyAdapter,[525/726] Song added,"Paul Simon - Kodachrome"
01/06/2022 05:14:49,DEBUG,SpotifyToolsLib.Spotify.SpotifyAdapter,[526/726] Song added,"Paul Simon - American Tune"
01/06/2022 05:14:49,DEBUG,SpotifyToolsLib.Spotify.SpotifyAdapter,[527/726] Song added,"Paulina Rubio - Ni Una Sola Palabra"
01/06/2022 05:14:49,DEBUG,SpotifyToolsLib.Spotify.SpotifyAdapter,[528/726] Song added,"Peggy Lee - Fever"
01/06/2022 05:14:49,INFO,SpotifyToolsLib.Spotify.SpotifyAdapter,[529/726] Song not found,"Peggy Lee - Why Don't You Do Right ?"
01/06/2022 05:14:50,DEBUG,SpotifyToolsLib.Spotify.SpotifyAdapter,[530/726] Song added,"Pete Townshend - Rough Boys"
01/06/2022 05:14:50,DEBUG,SpotifyToolsLib.Spotify.SpotifyAdapter,[531/726] Song added,"Peter Frampton - Show Me The Way"
01/06/2022 05:14:50,DEBUG,SpotifyToolsLib.Spotify.SpotifyAdapter,[532/726] Song added,"Peter Gabriel - Solsbury Hill"
01/06/2022 05:14:50,INFO,SpotifyToolsLib.Spotify.SpotifyAdapter,[533/726] Song not found,"Phil Collins - I Wish It Would Rain Down (with Eric Clapton)"
01/06/2022 05:14:50,INFO,SpotifyToolsLib.Spotify.SpotifyAdapter,[534/726] Song not found,"Phil Collins - Against All Odds"
01/06/2022 05:14:51,DEBUG,SpotifyToolsLib.Spotify.SpotifyAdapter,[535/726] Song added,"Pink Floyd - One Of These Days"
01/06/2022 05:14:51,DEBUG,SpotifyToolsLib.Spotify.SpotifyAdapter,[536/726] Song added,"Pink Floyd - Astronomy Domine"
01/06/2022 05:14:51,INFO,SpotifyToolsLib.Spotify.SpotifyAdapter,[537/726] Song not found,"Pink Floyd - Another Brick In The Wall (Part 2)"
01/06/2022 05:14:51,DEBUG,SpotifyToolsLib.Spotify.SpotifyAdapter,[538/726] Song added,"Pink Floyd - One Of My Turns"
01/06/2022 05:14:51,DEBUG,SpotifyToolsLib.Spotify.SpotifyAdapter,[539/726] Song added,"Pink Floyd - Hey You"
01/06/2022 05:14:52,INFO,SpotifyToolsLib.Spotify.SpotifyAdapter,[540/726] Song not found,"Pink Floyd - Is There Anybody Out There ?"
01/06/2022 05:14:52,DEBUG,SpotifyToolsLib.Spotify.SpotifyAdapter,[541/726] Song added,"Pink Floyd - Comfortably Numb"
01/06/2022 05:14:52,DEBUG,SpotifyToolsLib.Spotify.SpotifyAdapter,[542/726] Song added,"Pink Floyd - Welcome To The Machine"
01/06/2022 05:14:52,DEBUG,SpotifyToolsLib.Spotify.SpotifyAdapter,[543/726] Song added,"Pink Floyd - Have A Cigar"
01/06/2022 05:14:52,INFO,SpotifyToolsLib.Spotify.SpotifyAdapter,[544/726] Song not found,"Pitbull - Celebrate"
01/06/2022 05:14:53,DEBUG,SpotifyToolsLib.Spotify.SpotifyAdapter,[545/726] Song added,"The Police - So Lonely"
01/06/2022 05:14:53,DEBUG,SpotifyToolsLib.Spotify.SpotifyAdapter,[546/726] Song added,"The Police - Message In A Bottle"
01/06/2022 05:14:53,DEBUG,SpotifyToolsLib.Spotify.SpotifyAdapter,[547/726] Song added,"The Police - Synchronicity II"
01/06/2022 05:14:53,INFO,SpotifyToolsLib.Spotify.SpotifyAdapter,[548/726] Song not found,"The Pretenders - Middle Of The Road"
01/06/2022 05:14:53,DEBUG,SpotifyToolsLib.Spotify.SpotifyAdapter,[549/726] Song added,"Prince - Batdance"
01/06/2022 05:14:54,DEBUG,SpotifyToolsLib.Spotify.SpotifyAdapter,[550/726] Song added,"Prince - Let's Go Crazy"
01/06/2022 05:14:54,DEBUG,SpotifyToolsLib.Spotify.SpotifyAdapter,[551/726] Song added,"Prince - Computer Blue"
01/06/2022 05:14:54,DEBUG,SpotifyToolsLib.Spotify.SpotifyAdapter,[552/726] Song added,"Propaganda - Duel"
01/06/2022 05:14:54,INFO,SpotifyToolsLib.Spotify.SpotifyAdapter,[553/726] Song not found,"Queen - Somebody To Love"
01/06/2022 05:14:55,DEBUG,SpotifyToolsLib.Spotify.SpotifyAdapter,[554/726] Song added,"Queen - Innuendo"
01/06/2022 05:14:55,DEBUG,SpotifyToolsLib.Spotify.SpotifyAdapter,[555/726] Song added,"Queen - In Only Seven Days"
01/06/2022 05:14:55,DEBUG,SpotifyToolsLib.Spotify.SpotifyAdapter,[556/726] Song added,"Queen - Too Much Love Will Kill You"
01/06/2022 05:14:55,INFO,SpotifyToolsLib.Spotify.SpotifyAdapter,[557/726] Song not found,"Queen - '39"
01/06/2022 05:14:55,INFO,SpotifyToolsLib.Spotify.SpotifyAdapter,[558/726] Song not found,"Queen - Love Of My Life"
01/06/2022 05:14:56,DEBUG,SpotifyToolsLib.Spotify.SpotifyAdapter,[559/726] Song added,"Queen - Bohemian Rhapsody"
01/06/2022 05:14:56,INFO,SpotifyToolsLib.Spotify.SpotifyAdapter,[560/726] Song not found,"Queen - Killer Queen"
01/06/2022 05:14:56,DEBUG,SpotifyToolsLib.Spotify.SpotifyAdapter,[561/726] Song added,"Queen - Stone Cold Crazy"
01/06/2022 05:14:56,INFO,SpotifyToolsLib.Spotify.SpotifyAdapter,[562/726] Song not found,"Queen & George Michael - Somebody To Love (Live)"
01/06/2022 05:14:56,DEBUG,SpotifyToolsLib.Spotify.SpotifyAdapter,[563/726] Song added,"Quireboys - 7 O'Clock"
01/06/2022 05:14:57,DEBUG,SpotifyToolsLib.Spotify.SpotifyAdapter,[564/726] Song added,"R.E.M. - The Sidewinder Sleeps Tonite"
01/06/2022 05:14:57,INFO,SpotifyToolsLib.Spotify.SpotifyAdapter,[565/726] Song not found,"R.E.M. - It's The End Of The World As We Know It"
01/06/2022 05:14:57,INFO,SpotifyToolsLib.Spotify.SpotifyAdapter,[566/726] Song not found,"R.E.M. - Can't Get There From Here"
01/06/2022 05:14:57,DEBUG,SpotifyToolsLib.Spotify.SpotifyAdapter,[567/726] Song added,"R.E.M. - Losing My Religion"
01/06/2022 05:14:57,DEBUG,SpotifyToolsLib.Spotify.SpotifyAdapter,[568/726] Song added,"R.E.M. - Shiny Happy People"
01/06/2022 05:14:57,DEBUG,SpotifyToolsLib.Spotify.SpotifyAdapter,[569/726] Song added,"R.E.M. - Texarkana"
01/06/2022 05:14:58,DEBUG,SpotifyToolsLib.Spotify.SpotifyAdapter,[570/726] Song added,"R.E.M. - So. Central Rain"
01/06/2022 05:14:58,DEBUG,SpotifyToolsLib.Spotify.SpotifyAdapter,[571/726] Song added,"The Rascals - Good Lovin'"
01/06/2022 05:14:58,INFO,SpotifyToolsLib.Spotify.SpotifyAdapter,[572/726] Song not found,"Ray Anthony - Moonlight Serenade"
01/06/2022 05:14:58,DEBUG,SpotifyToolsLib.Spotify.SpotifyAdapter,[573/726] Song added,"Ray Charles - Georgia On My Mind"
01/06/2022 05:14:59,DEBUG,SpotifyToolsLib.Spotify.SpotifyAdapter,[574/726] Song added,"Ray Charles - I Don't Need No Doctor"
01/06/2022 05:14:59,DEBUG,SpotifyToolsLib.Spotify.SpotifyAdapter,[575/726] Song added,"Real Life - Send Me An Angel"
01/06/2022 05:14:59,DEBUG,SpotifyToolsLib.Spotify.SpotifyAdapter,[576/726] Song added,"Red Hot Chili Peppers - By The Way"
01/06/2022 05:14:59,DEBUG,SpotifyToolsLib.Spotify.SpotifyAdapter,[577/726] Song added,"Redfoo - Let's Get Ridiculous"
01/06/2022 05:14:59,DEBUG,SpotifyToolsLib.Spotify.SpotifyAdapter,[578/726] Song added,"Ringo Starr - It Don't Come Easy"
01/06/2022 05:15:00,DEBUG,SpotifyToolsLib.Spotify.SpotifyAdapter,[579/726] Song added,"Robert Palmer - Bad Case Of Loving You (Doctor, Doctor)"
01/06/2022 05:15:00,DEBUG,SpotifyToolsLib.Spotify.SpotifyAdapter,[580/726] Song added,"Rod Stewart - This Old Heart Of Mine [The Isley Brothers]"
01/06/2022 05:15:00,DEBUG,SpotifyToolsLib.Spotify.SpotifyAdapter,[581/726] Song added,"Rod Stewart - Young Turks"
01/06/2022 05:15:00,DEBUG,SpotifyToolsLib.Spotify.SpotifyAdapter,[582/726] Song added,"Rodrigo Y Gabriela - Ixtapa"
01/06/2022 05:15:00,DEBUG,SpotifyToolsLib.Spotify.SpotifyAdapter,[583/726] Song added,"Rodrigo Y Gabriela - Hanuman"
01/06/2022 05:15:01,INFO,SpotifyToolsLib.Spotify.SpotifyAdapter,[584/726] Song not found,"Rolling Stones - Paint It Black"
01/06/2022 05:15:01,DEBUG,SpotifyToolsLib.Spotify.SpotifyAdapter,[585/726] Song added,"Rolling Stones - Street Fighting Man"
01/06/2022 05:15:01,DEBUG,SpotifyToolsLib.Spotify.SpotifyAdapter,[586/726] Song added,"Rolling Stones - Happy"
01/06/2022 05:15:01,DEBUG,SpotifyToolsLib.Spotify.SpotifyAdapter,[587/726] Song added,"Rolling Stones - Let's Spend The Night Together"
01/06/2022 05:15:01,DEBUG,SpotifyToolsLib.Spotify.SpotifyAdapter,[588/726] Song added,"Rolling Stones - Mother's Little Helper"
01/06/2022 05:15:02,DEBUG,SpotifyToolsLib.Spotify.SpotifyAdapter,[589/726] Song added,"Rolling Stones - Gimme Shelter"
01/06/2022 05:15:02,DEBUG,SpotifyToolsLib.Spotify.SpotifyAdapter,[590/726] Song added,"Rolling Stones - Let It Bleed"
01/06/2022 05:15:02,DEBUG,SpotifyToolsLib.Spotify.SpotifyAdapter,[591/726] Song added,"Rolling Stones - Jumpin' Jack Flash"
01/06/2022 05:15:02,DEBUG,SpotifyToolsLib.Spotify.SpotifyAdapter,[592/726] Song added,"Rolling Stones - Brown Sugar"
01/06/2022 05:15:03,INFO,SpotifyToolsLib.Spotify.SpotifyAdapter,[593/726] Song not found,"Rolling Stones - Like A Rolling Stone [Bob Dylan]"
01/06/2022 05:15:03,DEBUG,SpotifyToolsLib.Spotify.SpotifyAdapter,[594/726] Song added,"The Ronettes - Be My Baby"
01/06/2022 05:15:03,DEBUG,SpotifyToolsLib.Spotify.SpotifyAdapter,[595/726] Song added,"Rooney - I Should've Been After You"
01/06/2022 05:15:03,INFO,SpotifyToolsLib.Spotify.SpotifyAdapter,[596/726] Song not found,"Roxette - It Must Have Been Love"
01/06/2022 05:15:03,DEBUG,SpotifyToolsLib.Spotify.SpotifyAdapter,[597/726] Song added,"Roxette - Listen To Your Heart"
01/06/2022 05:15:04,DEBUG,SpotifyToolsLib.Spotify.SpotifyAdapter,[598/726] Song added,"Roy Orbison - You Got It"
01/06/2022 05:15:04,DEBUG,SpotifyToolsLib.Spotify.SpotifyAdapter,[599/726] Song added,"Sam & Dave - Soul Man"
01/06/2022 05:15:04,DEBUG,SpotifyToolsLib.Spotify.SpotifyAdapter,[600/726] Song added,"Sammy Johns - Chevy Van"
01/06/2022 05:15:04,INFO,SpotifyToolsLib.Spotify.SpotifyAdapter,[601/726] Song not found,"Santana - Into The Night (Ft. Chad Kroeger)"
01/06/2022 05:15:05,INFO,SpotifyToolsLib.Spotify.SpotifyAdapter,[602/726] Song not found,"Santana - Smooth (Ft. Rob Thomas)"
01/06/2022 05:15:05,DEBUG,SpotifyToolsLib.Spotify.SpotifyAdapter,[603/726] Song added,"Seal - Kiss From A Rose"
01/06/2022 05:15:05,INFO,SpotifyToolsLib.Spotify.SpotifyAdapter,[604/726] Song not found,"Seals & Crofts - Summer Breeze"
01/06/2022 05:15:05,DEBUG,SpotifyToolsLib.Spotify.SpotifyAdapter,[605/726] Song added,"September - Cry For You"
01/06/2022 05:15:05,INFO,SpotifyToolsLib.Spotify.SpotifyAdapter,[606/726] Song not found,"Shakira - Hips Don't Lie (ft. Wyclef Jean)"
01/06/2022 05:15:05,INFO,SpotifyToolsLib.Spotify.SpotifyAdapter,[607/726] Song not found,"Shaw-Blades - I'll Always Be With You"
01/06/2022 05:15:06,DEBUG,SpotifyToolsLib.Spotify.SpotifyAdapter,[608/726] Song added,"Sheryl Crow - All I Wanna Do"
01/06/2022 05:15:06,DEBUG,SpotifyToolsLib.Spotify.SpotifyAdapter,[609/726] Song added,"Shivaree - Goodnight Moon"
01/06/2022 05:15:06,DEBUG,SpotifyToolsLib.Spotify.SpotifyAdapter,[610/726] Song added,"Shocking Blue - Venus"
01/06/2022 05:15:06,DEBUG,SpotifyToolsLib.Spotify.SpotifyAdapter,[611/726] Song added,"Simon & Garfunkel - America"
01/06/2022 05:15:06,DEBUG,SpotifyToolsLib.Spotify.SpotifyAdapter,[612/726] Song added,"Simon & Garfunkel - Bridge Over Troubled Water"
01/06/2022 05:15:07,INFO,SpotifyToolsLib.Spotify.SpotifyAdapter,[613/726] Song not found,"Simon & Garfunkel - Scarborough Fair ~ Canticle"
01/06/2022 05:15:07,DEBUG,SpotifyToolsLib.Spotify.SpotifyAdapter,[614/726] Song added,"Simon & Garfunkel - April Come She Will"
01/06/2022 05:15:07,DEBUG,SpotifyToolsLib.Spotify.SpotifyAdapter,[615/726] Song added,"Simon & Garfunkel - The Sound Of Silence"
01/06/2022 05:15:07,INFO,SpotifyToolsLib.Spotify.SpotifyAdapter,[616/726] Song not found,"Simple Minds - Don't You  Forget About Me"
01/06/2022 05:15:07,DEBUG,SpotifyToolsLib.Spotify.SpotifyAdapter,[617/726] Song added,"Simple Minds - Alive And Kicking"
01/06/2022 05:15:08,DEBUG,SpotifyToolsLib.Spotify.SpotifyAdapter,[618/726] Song added,"Spandau Ballet - Through The Barricades"
01/06/2022 05:15:08,INFO,SpotifyToolsLib.Spotify.SpotifyAdapter,[619/726] Song not found,"Status Quo - Fun Fun Fun [with The Beach Boys]"
01/06/2022 05:15:08,DEBUG,SpotifyToolsLib.Spotify.SpotifyAdapter,[620/726] Song added,"Status Quo - Little Lady"
01/06/2022 05:15:08,DEBUG,SpotifyToolsLib.Spotify.SpotifyAdapter,[621/726] Song added,"Status Quo - Rockin' All Over The World [John Fogerty]"
01/06/2022 05:15:08,DEBUG,SpotifyToolsLib.Spotify.SpotifyAdapter,[622/726] Song added,"Steely Dan - Dirty Work"
01/06/2022 05:15:09,DEBUG,SpotifyToolsLib.Spotify.SpotifyAdapter,[623/726] Song added,"Stephen Stills - Love The One You're With"
01/06/2022 05:15:09,DEBUG,SpotifyToolsLib.Spotify.SpotifyAdapter,[624/726] Song added,"Steppenwolf - Born To Be Wild"
01/06/2022 05:15:09,DEBUG,SpotifyToolsLib.Spotify.SpotifyAdapter,[625/726] Song added,"Steve Perry - Oh Sherrie"
01/06/2022 05:15:09,DEBUG,SpotifyToolsLib.Spotify.SpotifyAdapter,[626/726] Song added,"Stevie Nicks - Edge Of Seventeen"
01/06/2022 05:15:09,DEBUG,SpotifyToolsLib.Spotify.SpotifyAdapter,[627/726] Song added,"Stevie Nicks - Stand Back"
01/06/2022 05:15:10,DEBUG,SpotifyToolsLib.Spotify.SpotifyAdapter,[628/726] Song added,"Stevie Wonder - Higher Ground"
01/06/2022 05:15:10,INFO,SpotifyToolsLib.Spotify.SpotifyAdapter,[629/726] Song not found,"Stevie Wonder - Part Time Lover"
01/06/2022 05:15:10,INFO,SpotifyToolsLib.Spotify.SpotifyAdapter,[630/726] Song not found,"Stevie Wonder - My Cherie Armour"
01/06/2022 05:15:10,DEBUG,SpotifyToolsLib.Spotify.SpotifyAdapter,[631/726] Song added,"Stray Cats - Gene And Eddie"
01/06/2022 05:15:10,DEBUG,SpotifyToolsLib.Spotify.SpotifyAdapter,[632/726] Song added,"Styx - Fooling Yourself (The Angry Young Man)"
01/06/2022 05:15:11,DEBUG,SpotifyToolsLib.Spotify.SpotifyAdapter,[633/726] Song added,"Styx - Renegade"
01/06/2022 05:15:11,DEBUG,SpotifyToolsLib.Spotify.SpotifyAdapter,[634/726] Song added,"Supergrass - Sun Hits The Sky"
01/06/2022 05:15:11,DEBUG,SpotifyToolsLib.Spotify.SpotifyAdapter,[635/726] Song added,"Supertramp - Breakfast In America"
01/06/2022 05:15:11,DEBUG,SpotifyToolsLib.Spotify.SpotifyAdapter,[636/726] Song added,"Supertramp - Goodbye Stranger"
01/06/2022 05:15:11,DEBUG,SpotifyToolsLib.Spotify.SpotifyAdapter,[637/726] Song added,"Supertramp - The Logical Song"
01/06/2022 05:15:12,DEBUG,SpotifyToolsLib.Spotify.SpotifyAdapter,[638/726] Song added,"Supertramp - Take The Long Way Home"
01/06/2022 05:15:12,DEBUG,SpotifyToolsLib.Spotify.SpotifyAdapter,[639/726] Song added,"Supertramp - Hide In Your Shell"
01/06/2022 05:15:12,DEBUG,SpotifyToolsLib.Spotify.SpotifyAdapter,[640/726] Song added,"Supertramp - Two Of Us"
01/06/2022 05:15:12,DEBUG,SpotifyToolsLib.Spotify.SpotifyAdapter,[641/726] Song added,"Supertramp - It's Raining Again"
01/06/2022 05:15:12,INFO,SpotifyToolsLib.Spotify.SpotifyAdapter,[642/726] Song not found,"Supertramp - Travelled"
01/06/2022 05:15:13,DEBUG,SpotifyToolsLib.Spotify.SpotifyAdapter,[643/726] Song added,"The Supremes - Stop! In The Name Of Love"
01/06/2022 05:15:13,DEBUG,SpotifyToolsLib.Spotify.SpotifyAdapter,[644/726] Song added,"The Supremes - You Can't Hurry Love"
01/06/2022 05:15:13,DEBUG,SpotifyToolsLib.Spotify.SpotifyAdapter,[645/726] Song added,"Sweet - Set Me Free"
01/06/2022 05:15:13,DEBUG,SpotifyToolsLib.Spotify.SpotifyAdapter,[646/726] Song added,"Sweet - Action"
01/06/2022 05:15:14,DEBUG,SpotifyToolsLib.Spotify.SpotifyAdapter,[647/726] Song added,"Taylor Hawkins & The Coattail Riders - I Don't Think I Trust You Anymore"
01/06/2022 05:15:14,DEBUG,SpotifyToolsLib.Spotify.SpotifyAdapter,[648/726] Song added,"Tears For Fears - Mad World"
01/06/2022 05:15:14,DEBUG,SpotifyToolsLib.Spotify.SpotifyAdapter,[649/726] Song added,"Tears For Fears - Pale Shelter"
01/06/2022 05:15:14,DEBUG,SpotifyToolsLib.Spotify.SpotifyAdapter,[650/726] Song added,"Tears For Fears - Change"
01/06/2022 05:15:15,DEBUG,SpotifyToolsLib.Spotify.SpotifyAdapter,[651/726] Song added,"Tears For Fears - Shout"
01/06/2022 05:15:15,INFO,SpotifyToolsLib.Spotify.SpotifyAdapter,[652/726] Song not found,"Tears For Fears - Head Over Heals"
01/06/2022 05:15:15,DEBUG,SpotifyToolsLib.Spotify.SpotifyAdapter,[653/726] Song added,"The Temptations - Night And Day [Cole Porter]"
01/06/2022 05:15:15,INFO,SpotifyToolsLib.Spotify.SpotifyAdapter,[654/726] Song not found,"Thin Lizzy - Parisienne Walkways (With Gary Moore)"
01/06/2022 05:15:15,INFO,SpotifyToolsLib.Spotify.SpotifyAdapter,[655/726] Song not found,"Thin Lizzy - Out In The Fields"
01/06/2022 05:15:16,DEBUG,SpotifyToolsLib.Spotify.SpotifyAdapter,[656/726] Song added,"Tina Turner - Let's Stay Together [All Green]"
01/06/2022 05:15:16,DEBUG,SpotifyToolsLib.Spotify.SpotifyAdapter,[657/726] Song added,"Tina Turner - Private Dancer"
01/06/2022 05:15:16,DEBUG,SpotifyToolsLib.Spotify.SpotifyAdapter,[658/726] Song added,"Toad The Wet Sprocket - Walk On The Ocean"
01/06/2022 05:15:16,DEBUG,SpotifyToolsLib.Spotify.SpotifyAdapter,[659/726] Song added,"Toad The Wet Sprocket - Fall Down"
01/06/2022 05:15:16,DEBUG,SpotifyToolsLib.Spotify.SpotifyAdapter,[660/726] Song added,"The Tom Kitt Band - Road To You"
01/06/2022 05:15:17,INFO,SpotifyToolsLib.Spotify.SpotifyAdapter,[661/726] Song not found,"Tom Petty - American Girl"
01/06/2022 05:15:17,INFO,SpotifyToolsLib.Spotify.SpotifyAdapter,[662/726] Song not found,"Tom Petty - I Need To Know"
01/06/2022 05:15:17,INFO,SpotifyToolsLib.Spotify.SpotifyAdapter,[663/726] Song not found,"Tom Petty - Refugee"
01/06/2022 05:15:17,DEBUG,SpotifyToolsLib.Spotify.SpotifyAdapter,[664/726] Song added,"Tom Petty - Love Is A Long Road"
01/06/2022 05:15:17,INFO,SpotifyToolsLib.Spotify.SpotifyAdapter,[665/726] Song not found,"Tommy Conwell & The Young Rumblers - I'm Not Your Man"
01/06/2022 05:15:17,INFO,SpotifyToolsLib.Spotify.SpotifyAdapter,[666/726] Song not found,"Tomoyasu Hotei - Battle Without Honor Or Humanity"
01/06/2022 05:15:18,DEBUG,SpotifyToolsLib.Spotify.SpotifyAdapter,[667/726] Song added,"Toto - 99"
01/06/2022 05:15:18,DEBUG,SpotifyToolsLib.Spotify.SpotifyAdapter,[668/726] Song added,"Toto - Stranger In Town"
01/06/2022 05:15:18,DEBUG,SpotifyToolsLib.Spotify.SpotifyAdapter,[669/726] Song added,"Toto - Rosanna"
01/06/2022 05:15:18,DEBUG,SpotifyToolsLib.Spotify.SpotifyAdapter,[670/726] Song added,"Toto - Africa"
01/06/2022 05:15:18,DEBUG,SpotifyToolsLib.Spotify.SpotifyAdapter,[671/726] Song added,"Toto - After You've Gone"
01/06/2022 05:15:19,DEBUG,SpotifyToolsLib.Spotify.SpotifyAdapter,[672/726] Song added,"Toto - Caught In The Balance"
01/06/2022 05:15:19,DEBUG,SpotifyToolsLib.Spotify.SpotifyAdapter,[673/726] Song added,"Toto - Pamela"
01/06/2022 05:15:19,DEBUG,SpotifyToolsLib.Spotify.SpotifyAdapter,[674/726] Song added,"Toto - Stop Loving You"
01/06/2022 05:15:19,DEBUG,SpotifyToolsLib.Spotify.SpotifyAdapter,[675/726] Song added,"Toto - The Road Goes On"
01/06/2022 05:15:19,DEBUG,SpotifyToolsLib.Spotify.SpotifyAdapter,[676/726] Song added,"Toto - Child's Anthem"
01/06/2022 05:15:19,DEBUG,SpotifyToolsLib.Spotify.SpotifyAdapter,[677/726] Song added,"Toto - Hold The Line"
01/06/2022 05:15:20,INFO,SpotifyToolsLib.Spotify.SpotifyAdapter,[678/726] Song not found,"Trans-Siberian Orchestra - Christmas Eve ~ Sarajevo 12-24"
01/06/2022 05:15:20,INFO,SpotifyToolsLib.Spotify.SpotifyAdapter,[679/726] Song not found,"The Traveling Wilburys - Handle With Care"
01/06/2022 05:15:20,DEBUG,SpotifyToolsLib.Spotify.SpotifyAdapter,[680/726] Song added,"U2 - Beautiful Day"
01/06/2022 05:15:20,DEBUG,SpotifyToolsLib.Spotify.SpotifyAdapter,[681/726] Song added,"U2 - I Will Follow"
01/06/2022 05:15:20,DEBUG,SpotifyToolsLib.Spotify.SpotifyAdapter,[682/726] Song added,"U2 - Vertigo"
01/06/2022 05:15:21,DEBUG,SpotifyToolsLib.Spotify.SpotifyAdapter,[683/726] Song added,"U2 - Where The Streets Have No Name"
01/06/2022 05:15:21,DEBUG,SpotifyToolsLib.Spotify.SpotifyAdapter,[684/726] Song added,"U2 - Magnificent"
01/06/2022 05:15:21,DEBUG,SpotifyToolsLib.Spotify.SpotifyAdapter,[685/726] Song added,"U2 - October"
01/06/2022 05:15:21,DEBUG,SpotifyToolsLib.Spotify.SpotifyAdapter,[686/726] Song added,"U2 - Desire"
01/06/2022 05:15:21,DEBUG,SpotifyToolsLib.Spotify.SpotifyAdapter,[687/726] Song added,"U2 - Pride (In The Name Of Love)"
01/06/2022 05:15:22,DEBUG,SpotifyToolsLib.Spotify.SpotifyAdapter,[688/726] Song added,"U2 - New Year's Day"
01/06/2022 05:15:22,DEBUG,SpotifyToolsLib.Spotify.SpotifyAdapter,[689/726] Song added,"Ultravox - One Small Day"
01/06/2022 05:15:22,DEBUG,SpotifyToolsLib.Spotify.SpotifyAdapter,[690/726] Song added,"Ultravox - Dancing With Tears In My Eyes"
01/06/2022 05:15:22,DEBUG,SpotifyToolsLib.Spotify.SpotifyAdapter,[691/726] Song added,"Ultravox - Hymn"
01/06/2022 05:15:22,DEBUG,SpotifyToolsLib.Spotify.SpotifyAdapter,[692/726] Song added,"Ultravox - The Voice"
01/06/2022 05:15:23,DEBUG,SpotifyToolsLib.Spotify.SpotifyAdapter,[693/726] Song added,"Ultravox - Love's Great Adventure"
01/06/2022 05:15:23,DEBUG,SpotifyToolsLib.Spotify.SpotifyAdapter,[694/726] Song added,"Ultravox - Vienna"
01/06/2022 05:15:23,DEBUG,SpotifyToolsLib.Spotify.SpotifyAdapter,[695/726] Song added,"Uriah Heep - Easy Livin'"
01/06/2022 05:15:23,INFO,SpotifyToolsLib.Spotify.SpotifyAdapter,[696/726] Song not found,"Vickie Sue Robinson - Turn The Beat Around"
01/06/2022 05:15:24,INFO,SpotifyToolsLib.Spotify.SpotifyAdapter,[697/726] Song not found,"Vincenzo Bellini - Sinfonia"
01/06/2022 05:15:24,DEBUG,SpotifyToolsLib.Spotify.SpotifyAdapter,[698/726] Song added,"The Wallflowers - 6th Avenue Heartache"
01/06/2022 05:15:24,DEBUG,SpotifyToolsLib.Spotify.SpotifyAdapter,[699/726] Song added,"The Wallflowers - Back To California"
01/06/2022 05:15:24,DEBUG,SpotifyToolsLib.Spotify.SpotifyAdapter,[700/726] Song added,"Weezer - Island In The Sun"
01/06/2022 05:15:25,INFO,SpotifyToolsLib.Spotify.SpotifyAdapter,[701/726] Song not found,"Wham! - Wake Me Up Before You Go Go"
01/06/2022 05:15:25,DEBUG,SpotifyToolsLib.Spotify.SpotifyAdapter,[702/726] Song added,"The Who - My Generation"
01/06/2022 05:15:25,DEBUG,SpotifyToolsLib.Spotify.SpotifyAdapter,[703/726] Song added,"The Who - I Can't Explain"
01/06/2022 05:15:25,INFO,SpotifyToolsLib.Spotify.SpotifyAdapter,[704/726] Song not found,"The Who - Overture ~ It's A Boy"
01/06/2022 05:15:26,INFO,SpotifyToolsLib.Spotify.SpotifyAdapter,[705/726] Song not found,"The Who - Amazing Journey ~ Sparks"
01/06/2022 05:15:26,DEBUG,SpotifyToolsLib.Spotify.SpotifyAdapter,[706/726] Song added,"The Who - The Acid Queen"
01/06/2022 05:15:26,DEBUG,SpotifyToolsLib.Spotify.SpotifyAdapter,[707/726] Song added,"The Who - Pinball Wizard"
01/06/2022 05:15:26,DEBUG,SpotifyToolsLib.Spotify.SpotifyAdapter,[708/726] Song added,"The Who - Squeeze Box"
01/06/2022 05:15:27,DEBUG,SpotifyToolsLib.Spotify.SpotifyAdapter,[709/726] Song added,"The Who - I Can See For Miles"
01/06/2022 05:15:27,DEBUG,SpotifyToolsLib.Spotify.SpotifyAdapter,[710/726] Song added,"The Who - My Wife"
01/06/2022 05:15:27,DEBUG,SpotifyToolsLib.Spotify.SpotifyAdapter,[711/726] Song added,"Wings - Band On The Run"
01/06/2022 05:15:27,DEBUG,SpotifyToolsLib.Spotify.SpotifyAdapter,[712/726] Song added,"Wings - My Love"
01/06/2022 05:15:27,DEBUG,SpotifyToolsLib.Spotify.SpotifyAdapter,[713/726] Song added,"Wolfmother - In The Castle"
01/06/2022 05:15:28,DEBUG,SpotifyToolsLib.Spotify.SpotifyAdapter,[714/726] Song added,"The Yardbirds - Heart Full Of Soul"
01/06/2022 05:15:28,DEBUG,SpotifyToolsLib.Spotify.SpotifyAdapter,[715/726] Song added,"The Yardbirds - Shapes Of Things"
01/06/2022 05:15:28,INFO,SpotifyToolsLib.Spotify.SpotifyAdapter,[716/726] Song not found,"Yazoo - Don't Go"
01/06/2022 05:15:28,INFO,SpotifyToolsLib.Spotify.SpotifyAdapter,[717/726] Song not found,"Yes - Brother Of Mine"
01/06/2022 05:15:28,DEBUG,SpotifyToolsLib.Spotify.SpotifyAdapter,[718/726] Song added,"Yes - Love Will Find A Way"
01/06/2022 05:15:28,DEBUG,SpotifyToolsLib.Spotify.SpotifyAdapter,[719/726] Song added,"Yes - Into The Storm"
01/06/2022 05:15:29,DEBUG,SpotifyToolsLib.Spotify.SpotifyAdapter,[720/726] Song added,"Yes - Roundabout"
01/06/2022 05:15:29,INFO,SpotifyToolsLib.Spotify.SpotifyAdapter,[721/726] Song not found,"Yes - I've Seen All Good People (Your Move ~ All Good People)"
01/06/2022 05:15:29,INFO,SpotifyToolsLib.Spotify.SpotifyAdapter,[722/726] Song not found,"Yes - Clap (Studio Version)"
01/06/2022 05:15:29,DEBUG,SpotifyToolsLib.Spotify.SpotifyAdapter,[723/726] Song added,"Yes - Owner Of A Lonely Heart"
01/06/2022 05:15:29,DEBUG,SpotifyToolsLib.Spotify.SpotifyAdapter,[724/726] Song added,"The Zombies - She's Not There"
01/06/2022 05:15:30,INFO,SpotifyToolsLib.Spotify.SpotifyAdapter,[725/726] Song not found,"2 Unlimited - Get Ready for This"
01/06/2022 05:15:30,INFO,SpotifyTools.Program,Donzo. This was fun.
